Datetime,Latitude,Longitude,Elevation,Pressure,Speed,Bearing
2025-03-08 21:00:00,74.22978845826613,-32.089191506091524,0.11,1000,18.9,262
2025-03-08 21:00:00,74.22978845826613,-32.089191506091524,0.32,975,18.8,262
2025-03-08 21:00:00,74.22978845826613,-32.089191506091524,0.5,950,18.8,262
2025-03-08 21:00:00,74.22978845826613,-32.089191506091524,0.8,925,19.1,263
2025-03-08 21:00:00,74.22978845826613,-32.089191506091524,1.0,900,19.0,262
2025-03-08 21:00:00,74.22978845826613,-32.089191506091524,1.5,850,18.9,262
2025-03-08 21:00:00,74.22978845826613,-32.089191506091524,1.9,800,19.2,263
2025-03-08 21:00:00,74.22978845826613,-32.089191506091524,3.0,700,26.1,271
2025-03-08 21:00:00,74.22978845826613,-32.089191506091524,4.2,600,13.1,184
2025-03-08 21:00:00,74.22978845826613,-32.089191506091524,5.6,500,25.2,205
2025-03-08 21:00:00,74.22978845826613,-32.089191506091524,7.2,400,42.4,241
2025-03-08 21:00:00,74.22978845826613,-32.089191506091524,9.2,300,81.6,270
2025-03-08 21:00:00,74.22978845826613,-32.089191506091524,10.4,250,104.0,277
2025-03-08 21:00:00,74.22978845826613,-32.089191506091524,11.8,200,110.7,279
2025-03-08 21:00:00,74.22978845826613,-32.089191506091524,13.5,150,105.4,282
2025-03-08 21:00:00,74.22978845826613,-32.089191506091524,15.8,100,123.7,288
2025-03-08 21:00:00,74.22978845826613,-32.089191506091524,17.7,70,133.6,288
2025-03-08 21:00:00,74.22978845826613,-32.089191506091524,19.3,50,127.9,287
2025-03-08 21:00:00,74.22978845826613,-32.089191506091524,22.0,30,106.3,295
2025-03-08 22:00:00,74.1122622383938,-32.11921153173858,0.11,1000,20.1,261
2025-03-08 22:00:00,74.1122622383938,-32.11921153173858,0.32,975,20.1,260
2025-03-08 22:00:00,74.1122622383938,-32.11921153173858,0.5,950,20.0,260
2025-03-08 22:00:00,74.1122622383938,-32.11921153173858,0.8,925,20.0,261
2025-03-08 22:00:00,74.1122622383938,-32.11921153173858,1.0,900,20.0,260
2025-03-08 22:00:00,74.1122622383938,-32.11921153173858,1.5,850,19.9,261
2025-03-08 22:00:00,74.1122622383938,-32.11921153173858,1.9,800,19.8,260
2025-03-08 22:00:00,74.1122622383938,-32.11921153173858,3.0,700,21.3,262
2025-03-08 22:00:00,74.1122622383938,-32.11921153173858,4.2,600,16.1,204
2025-03-08 22:00:00,74.1122622383938,-32.11921153173858,5.6,500,30.0,217
2025-03-08 22:00:00,74.1122622383938,-32.11921153173858,7.2,400,54.6,261
2025-03-08 22:00:00,74.1122622383938,-32.11921153173858,9.2,300,107.9,278
2025-03-08 22:00:00,74.1122622383938,-32.11921153173858,10.4,250,125.0,282
2025-03-08 22:00:00,74.1122622383938,-32.11921153173858,11.8,200,121.7,283
2025-03-08 22:00:00,74.1122622383938,-32.11921153173858,13.5,150,108.3,283
2025-03-08 22:00:00,74.1122622383938,-32.11921153173858,15.8,100,123.3,288
2025-03-08 22:00:00,74.1122622383938,-32.11921153173858,17.7,70,138.6,286
2025-03-08 22:00:00,74.1122622383938,-32.11921153173858,19.3,50,135.9,287
2025-03-08 22:00:00,74.1122622383938,-32.11921153173858,22.0,30,109.6,299
2025-03-08 22:00:00,74.02411297705552,-32.4371802549675,0.11,1000,19.5,265
2025-03-08 22:00:00,74.02411297705552,-32.4371802549675,0.32,975,19.5,265
2025-03-08 22:00:00,74.02411297705552,-32.4371802549675,0.5,950,19.5,264
2025-03-08 22:00:00,74.02411297705552,-32.4371802549675,0.8,925,19.4,264
2025-03-08 22:00:00,74.02411297705552,-32.4371802549675,1.0,900,19.8,264
2025-03-08 22:00:00,74.02411297705552,-32.4371802549675,1.5,850,19.7,265
2025-03-08 22:00:00,74.02411297705552,-32.4371802549675,1.9,800,19.6,264
2025-03-08 22:00:00,74.02411297705552,-32.4371802549675,3.0,700,19.9,265
2025-03-08 22:00:00,74.02411297705552,-32.4371802549675,4.2,600,15.7,208
2025-03-08 22:00:00,74.02411297705552,-32.4371802549675,5.6,500,30.7,219
2025-03-08 22:00:00,74.02411297705552,-32.4371802549675,7.2,400,55.7,263
2025-03-08 22:00:00,74.02411297705552,-32.4371802549675,9.2,300,111.9,279
2025-03-08 22:00:00,74.02411297705552,-32.4371802549675,10.4,250,127.8,282
2025-03-08 22:00:00,74.02411297705552,-32.4371802549675,11.8,200,122.0,283
2025-03-08 22:00:00,74.02411297705552,-32.4371802549675,13.5,150,108.6,283
2025-03-08 22:00:00,74.02411297705552,-32.4371802549675,15.8,100,123.7,288
2025-03-08 22:00:00,74.02411297705552,-32.4371802549675,17.7,70,138.6,286
2025-03-08 22:00:00,74.02411297705552,-32.4371802549675,19.3,50,137.0,287
2025-03-08 22:00:00,74.02411297705552,-32.4371802549675,22.0,30,110.6,299
2025-03-08 22:00:00,74.0415278568825,-33.30227464417225,0.11,1000,19.7,242
2025-03-08 22:00:00,74.0415278568825,-33.30227464417225,0.32,975,19.5,241
2025-03-08 22:00:00,74.0415278568825,-33.30227464417225,0.5,950,19.4,241
2025-03-08 22:00:00,74.0415278568825,-33.30227464417225,0.8,925,19.6,242
2025-03-08 22:00:00,74.0415278568825,-33.30227464417225,1.0,900,19.5,242
2025-03-08 22:00:00,74.0415278568825,-33.30227464417225,1.5,850,19.6,242
2025-03-08 22:00:00,74.0415278568825,-33.30227464417225,1.9,800,19.2,242
2025-03-08 22:00:00,74.0415278568825,-33.30227464417225,3.0,700,19.7,242
2025-03-08 22:00:00,74.0415278568825,-33.30227464417225,4.2,600,16.1,210
2025-03-08 22:00:00,74.0415278568825,-33.30227464417225,5.6,500,31.7,217
2025-03-08 22:00:00,74.0415278568825,-33.30227464417225,7.2,400,63.9,265
2025-03-08 22:00:00,74.0415278568825,-33.30227464417225,9.2,300,123.9,279
2025-03-08 22:00:00,74.0415278568825,-33.30227464417225,10.4,250,134.9,282
2025-03-08 22:00:00,74.0415278568825,-33.30227464417225,11.8,200,125.2,282
2025-03-08 22:00:00,74.0415278568825,-33.30227464417225,13.5,150,109.2,282
2025-03-08 22:00:00,74.0415278568825,-33.30227464417225,15.8,100,123.8,286
2025-03-08 22:00:00,74.0415278568825,-33.30227464417225,17.7,70,138.8,285
2025-03-08 22:00:00,74.0415278568825,-33.30227464417225,19.3,50,138.6,286
2025-03-08 22:00:00,74.0415278568825,-33.30227464417225,22.0,30,111.1,298
2025-03-08 23:00:00,73.89599573118664,-32.70457726576095,0.11,1000,20.7,250
2025-03-08 23:00:00,73.89599573118664,-32.70457726576095,0.32,975,20.7,250
2025-03-08 23:00:00,73.89599573118664,-32.70457726576095,0.5,950,20.6,250
2025-03-08 23:00:00,73.89599573118664,-32.70457726576095,0.8,925,20.6,249
2025-03-08 23:00:00,73.89599573118664,-32.70457726576095,1.0,900,20.5,250
2025-03-08 23:00:00,73.89599573118664,-32.70457726576095,1.5,850,20.9,250
2025-03-08 23:00:00,73.89599573118664,-32.70457726576095,1.9,800,20.7,250
2025-03-08 23:00:00,73.89599573118664,-32.70457726576095,3.0,700,20.4,250
2025-03-08 23:00:00,73.89599573118664,-32.70457726576095,4.2,600,22.1,231
2025-03-08 23:00:00,73.89599573118664,-32.70457726576095,5.6,500,38.7,240
2025-03-08 23:00:00,73.89599573118664,-32.70457726576095,7.2,400,86.8,276
2025-03-08 23:00:00,73.89599573118664,-32.70457726576095,9.2,300,152.8,283
2025-03-08 23:00:00,73.89599573118664,-32.70457726576095,10.4,250,151.4,285
2025-03-08 23:00:00,73.89599573118664,-32.70457726576095,11.8,200,133.9,285
2025-03-08 23:00:00,73.89599573118664,-32.70457726576095,13.5,150,110.0,284
2025-03-08 23:00:00,73.89599573118664,-32.70457726576095,15.8,100,124.3,285
2025-03-08 23:00:00,73.89599573118664,-32.70457726576095,17.7,70,143.8,285
2025-03-08 23:00:00,73.89599573118664,-32.70457726576095,19.3,50,141.2,289
2025-03-08 23:00:00,73.89599573118664,-32.70457726576095,22.0,30,110.0,298
2025-03-08 23:00:00,73.89931362774631,-32.67620009314879,0.11,1000,20.0,252
2025-03-08 23:00:00,73.89931362774631,-32.67620009314879,0.32,975,20.2,252
2025-03-08 23:00:00,73.89931362774631,-32.67620009314879,0.5,950,20.3,252
2025-03-08 23:00:00,73.89931362774631,-32.67620009314879,0.8,925,20.2,253
2025-03-08 23:00:00,73.89931362774631,-32.67620009314879,1.0,900,20.3,252
2025-03-08 23:00:00,73.89931362774631,-32.67620009314879,1.5,850,20.2,252
2025-03-08 23:00:00,73.89931362774631,-32.67620009314879,1.9,800,19.9,252
2025-03-08 23:00:00,73.89931362774631,-32.67620009314879,3.0,700,20.2,252
2025-03-08 23:00:00,73.89931362774631,-32.67620009314879,4.2,600,21.4,227
2025-03-08 23:00:00,73.89931362774631,-32.67620009314879,5.6,500,37.3,237
2025-03-08 23:00:00,73.89931362774631,-32.67620009314879,7.2,400,81.8,274
2025-03-08 23:00:00,73.89931362774631,-32.67620009314879,9.2,300,146.4,283
2025-03-08 23:00:00,73.89931362774631,-32.67620009314879,10.4,250,146.1,284
2025-03-08 23:00:00,73.89931362774631,-32.67620009314879,11.8,200,132.7,285
2025-03-08 23:00:00,73.89931362774631,-32.67620009314879,13.5,150,110.0,284
2025-03-08 23:00:00,73.89931362774631,-32.67620009314879,15.8,100,124.3,285
2025-03-08 23:00:00,73.89931362774631,-32.67620009314879,17.7,70,142.6,285
2025-03-08 23:00:00,73.89931362774631,-32.67620009314879,19.3,50,140.1,290
2025-03-08 23:00:00,73.89931362774631,-32.67620009314879,22.0,30,109.0,298
2025-03-08 23:00:00,73.80864140933205,-33.06029387883235,0.11,1000,20.3,253
2025-03-08 23:00:00,73.80864140933205,-33.06029387883235,0.32,975,20.2,253
2025-03-08 23:00:00,73.80864140933205,-33.06029387883235,0.5,950,20.2,253
2025-03-08 23:00:00,73.80864140933205,-33.06029387883235,0.8,925,20.5,254
2025-03-08 23:00:00,73.80864140933205,-33.06029387883235,1.0,900,20.5,253
2025-03-08 23:00:00,73.80864140933205,-33.06029387883235,1.5,850,20.3,254
2025-03-08 23:00:00,73.80864140933205,-33.06029387883235,1.9,800,20.3,254
2025-03-08 23:00:00,73.80864140933205,-33.06029387883235,3.0,700,20.0,254
2025-03-08 23:00:00,73.80864140933205,-33.06029387883235,4.2,600,22.7,232
2025-03-08 23:00:00,73.80864140933205,-33.06029387883235,5.6,500,39.7,245
2025-03-08 23:00:00,73.80864140933205,-33.06029387883235,7.2,400,89.3,276
2025-03-08 23:00:00,73.80864140933205,-33.06029387883235,9.2,300,157.2,284
2025-03-08 23:00:00,73.80864140933205,-33.06029387883235,10.4,250,153.1,285
2025-03-08 23:00:00,73.80864140933205,-33.06029387883235,11.8,200,135.7,285
2025-03-08 23:00:00,73.80864140933205,-33.06029387883235,13.5,150,110.0,284
2025-03-08 23:00:00,73.80864140933205,-33.06029387883235,15.8,100,125.5,285
2025-03-08 23:00:00,73.80864140933205,-33.06029387883235,17.7,70,144.1,285
2025-03-08 23:00:00,73.80864140933205,-33.06029387883235,19.3,50,142.7,290
2025-03-08 23:00:00,73.80864140933205,-33.06029387883235,22.0,30,110.0,298
2025-03-09 00:00:00,73.77020271880063,-33.257225440937916,0.11,1000,21.1,233
2025-03-09 00:00:00,73.77020271880063,-33.257225440937916,0.32,975,21.1,234
2025-03-09 00:00:00,73.77020271880063,-33.257225440937916,0.5,950,21.1,234
2025-03-09 00:00:00,73.77020271880063,-33.257225440937916,0.8,925,21.0,234
2025-03-09 00:00:00,73.77020271880063,-33.257225440937916,1.0,900,20.9,233
2025-03-09 00:00:00,73.77020271880063,-33.257225440937916,1.5,850,21.1,233
2025-03-09 00:00:00,73.77020271880063,-33.257225440937916,1.9,800,21.1,234
2025-03-09 00:00:00,73.77020271880063,-33.257225440937916,3.0,700,20.9,233
2025-03-09 00:00:00,73.77020271880063,-33.257225440937916,4.2,600,29.0,230
2025-03-09 00:00:00,73.77020271880063,-33.257225440937916,5.6,500,54.5,262
2025-03-09 00:00:00,73.77020271880063,-33.257225440937916,7.2,400,112.5,277
2025-03-09 00:00:00,73.77020271880063,-33.257225440937916,9.2,300,184.8,283
2025-03-09 00:00:00,73.77020271880063,-33.257225440937916,10.4,250,173.8,285
2025-03-09 00:00:00,73.77020271880063,-33.257225440937916,11.8,200,140.9,286
2025-03-09 00:00:00,73.77020271880063,-33.257225440937916,13.5,150,111.6,282
2025-03-09 00:00:00,73.77020271880063,-33.257225440937916,15.8,100,126.6,283
2025-03-09 00:00:00,73.77020271880063,-33.257225440937916,17.7,70,144.1,285
2025-03-09 00:00:00,73.77020271880063,-33.257225440937916,19.3,50,139.3,290
2025-03-09 00:00:00,73.77020271880063,-33.257225440937916,22.0,30,108.4,296
2025-03-09 00:00:00,73.76746565972681,-33.17972708297436,0.11,1000,20.5,239
2025-03-09 00:00:00,73.76746565972681,-33.17972708297436,0.32,975,20.6,239
2025-03-09 00:00:00,73.76746565972681,-33.17972708297436,0.5,950,20.6,240
2025-03-09 00:00:00,73.76746565972681,-33.17972708297436,0.8,925,20.6,239
2025-03-09 00:00:00,73.76746565972681,-33.17972708297436,1.0,900,20.8,240
2025-03-09 00:00:00,73.76746565972681,-33.17972708297436,1.5,850,20.6,239
2025-03-09 00:00:00,73.76746565972681,-33.17972708297436,1.9,800,20.8,240
2025-03-09 00:00:00,73.76746565972681,-33.17972708297436,3.0,700,20.9,240
2025-03-09 00:00:00,73.76746565972681,-33.17972708297436,4.2,600,29.1,232
2025-03-09 00:00:00,73.76746565972681,-33.17972708297436,5.6,500,55.4,265
2025-03-09 00:00:00,73.76746565972681,-33.17972708297436,7.2,400,115.1,278
2025-03-09 00:00:00,73.76746565972681,-33.17972708297436,9.2,300,189.2,284
2025-03-09 00:00:00,73.76746565972681,-33.17972708297436,10.4,250,177.0,286
2025-03-09 00:00:00,73.76746565972681,-33.17972708297436,11.8,200,142.4,286
2025-03-09 00:00:00,73.76746565972681,-33.17972708297436,13.5,150,111.6,282
2025-03-09 00:00:00,73.76746565972681,-33.17972708297436,15.8,100,126.6,283
2025-03-09 00:00:00,73.76746565972681,-33.17972708297436,17.7,70,145.2,285
2025-03-09 00:00:00,73.76746565972681,-33.17972708297436,19.3,50,139.3,290
2025-03-09 00:00:00,73.76746565972681,-33.17972708297436,22.0,30,108.9,297
2025-03-09 00:00:00,73.68218482081221,-33.632861668541146,0.11,1000,19.5,240
2025-03-09 00:00:00,73.68218482081221,-33.632861668541146,0.32,975,19.6,240
2025-03-09 00:00:00,73.68218482081221,-33.632861668541146,0.5,950,19.6,240
2025-03-09 00:00:00,73.68218482081221,-33.632861668541146,0.8,925,19.5,240
2025-03-09 00:00:00,73.68218482081221,-33.632861668541146,1.0,900,19.3,240
2025-03-09 00:00:00,73.68218482081221,-33.632861668541146,1.5,850,19.4,240
2025-03-09 00:00:00,73.68218482081221,-33.632861668541146,1.9,800,19.5,241
2025-03-09 00:00:00,73.68218482081221,-33.632861668541146,3.0,700,19.2,241
2025-03-09 00:00:00,73.68218482081221,-33.632861668541146,4.2,600,30.3,232
2025-03-09 00:00:00,73.68218482081221,-33.632861668541146,5.6,500,58.9,266
2025-03-09 00:00:00,73.68218482081221,-33.632861668541146,7.2,400,119.8,277
2025-03-09 00:00:00,73.68218482081221,-33.632861668541146,9.2,300,197.0,284
2025-03-09 00:00:00,73.68218482081221,-33.632861668541146,10.4,250,183.5,286
2025-03-09 00:00:00,73.68218482081221,-33.632861668541146,11.8,200,143.9,286
2025-03-09 00:00:00,73.68218482081221,-33.632861668541146,13.5,150,111.3,281
2025-03-09 00:00:00,73.68218482081221,-33.632861668541146,15.8,100,126.6,283
2025-03-09 00:00:00,73.68218482081221,-33.632861668541146,17.7,70,145.2,285
2025-03-09 00:00:00,73.68218482081221,-33.632861668541146,19.3,50,140.1,290
2025-03-09 00:00:00,73.68218482081221,-33.632861668541146,22.0,30,110.0,297
2025-03-09 01:00:00,73.60137728453297,-33.96490614745897,0.11,1000,19.4,227
2025-03-09 01:00:00,73.60137728453297,-33.96490614745897,0.32,975,19.4,226
2025-03-09 01:00:00,73.60137728453297,-33.96490614745897,0.5,950,19.4,226
2025-03-09 01:00:00,73.60137728453297,-33.96490614745897,0.8,925,19.3,227
2025-03-09 01:00:00,73.60137728453297,-33.96490614745897,1.0,900,19.5,227
2025-03-09 01:00:00,73.60137728453297,-33.96490614745897,1.5,850,19.7,226
2025-03-09 01:00:00,73.60137728453297,-33.96490614745897,1.9,800,19.4,226
2025-03-09 01:00:00,73.60137728453297,-33.96490614745897,3.0,700,19.8,226
2025-03-09 01:00:00,73.60137728453297,-33.96490614745897,4.2,600,37.7,243
2025-03-09 01:00:00,73.60137728453297,-33.96490614745897,5.6,500,69.6,270
2025-03-09 01:00:00,73.60137728453297,-33.96490614745897,7.2,400,141.3,276
2025-03-09 01:00:00,73.60137728453297,-33.96490614745897,9.2,300,217.8,285
2025-03-09 01:00:00,73.60137728453297,-33.96490614745897,10.4,250,215.6,288
2025-03-09 01:00:00,73.60137728453297,-33.96490614745897,11.8,200,147.4,286
2025-03-09 01:00:00,73.60137728453297,-33.96490614745897,13.5,150,114.4,280
2025-03-09 01:00:00,73.60137728453297,-33.96490614745897,15.8,100,126.6,283
2025-03-09 01:00:00,73.60137728453297,-33.96490614745897,17.7,70,143.8,285
2025-03-09 01:00:00,73.60137728453297,-33.96490614745897,19.3,50,136.7,290
2025-03-09 01:00:00,73.60137728453297,-33.96490614745897,22.0,30,107.9,296
2025-03-09 01:00:00,73.60508330279352,-33.91037257242472,0.11,1000,19.4,227
2025-03-09 01:00:00,73.60508330279352,-33.91037257242472,0.32,975,19.4,226
2025-03-09 01:00:00,73.60508330279352,-33.91037257242472,0.5,950,19.4,226
2025-03-09 01:00:00,73.60508330279352,-33.91037257242472,0.8,925,19.3,227
2025-03-09 01:00:00,73.60508330279352,-33.91037257242472,1.0,900,19.5,227
2025-03-09 01:00:00,73.60508330279352,-33.91037257242472,1.5,850,19.7,226
2025-03-09 01:00:00,73.60508330279352,-33.91037257242472,1.9,800,19.4,226
2025-03-09 01:00:00,73.60508330279352,-33.91037257242472,3.0,700,19.8,226
2025-03-09 01:00:00,73.60508330279352,-33.91037257242472,4.2,600,37.7,243
2025-03-09 01:00:00,73.60508330279352,-33.91037257242472,5.6,500,69.6,270
2025-03-09 01:00:00,73.60508330279352,-33.91037257242472,7.2,400,141.3,276
2025-03-09 01:00:00,73.60508330279352,-33.91037257242472,9.2,300,217.8,285
2025-03-09 01:00:00,73.60508330279352,-33.91037257242472,10.4,250,215.6,288
2025-03-09 01:00:00,73.60508330279352,-33.91037257242472,11.8,200,147.4,286
2025-03-09 01:00:00,73.60508330279352,-33.91037257242472,13.5,150,114.4,280
2025-03-09 01:00:00,73.60508330279352,-33.91037257242472,15.8,100,126.6,283
2025-03-09 01:00:00,73.60508330279352,-33.91037257242472,17.7,70,143.8,285
2025-03-09 01:00:00,73.60508330279352,-33.91037257242472,19.3,50,136.7,290
2025-03-09 01:00:00,73.60508330279352,-33.91037257242472,22.0,30,107.9,296
2025-03-09 01:00:00,73.51306012322542,-34.38950867760802,0.11,1000,20.7,219
2025-03-09 01:00:00,73.51306012322542,-34.38950867760802,0.32,975,20.7,219
2025-03-09 01:00:00,73.51306012322542,-34.38950867760802,0.5,950,20.6,220
2025-03-09 01:00:00,73.51306012322542,-34.38950867760802,0.8,925,20.9,220
2025-03-09 01:00:00,73.51306012322542,-34.38950867760802,1.0,900,20.5,219
2025-03-09 01:00:00,73.51306012322542,-34.38950867760802,1.5,850,20.7,220
2025-03-09 01:00:00,73.51306012322542,-34.38950867760802,1.9,800,20.6,219
2025-03-09 01:00:00,73.51306012322542,-34.38950867760802,3.0,700,20.7,219
2025-03-09 01:00:00,73.51306012322542,-34.38950867760802,4.2,600,42.9,246
2025-03-09 01:00:00,73.51306012322542,-34.38950867760802,5.6,500,73.2,269
2025-03-09 01:00:00,73.51306012322542,-34.38950867760802,7.2,400,149.1,274
2025-03-09 01:00:00,73.51306012322542,-34.38950867760802,9.2,300,222.4,285
2025-03-09 01:00:00,73.51306012322542,-34.38950867760802,10.4,250,226.6,288
2025-03-09 01:00:00,73.51306012322542,-34.38950867760802,11.8,200,150.2,285
2025-03-09 01:00:00,73.51306012322542,-34.38950867760802,13.5,150,114.2,279
2025-03-09 01:00:00,73.51306012322542,-34.38950867760802,15.8,100,126.4,282
2025-03-09 01:00:00,73.51306012322542,-34.38950867760802,17.7,70,144.4,283
2025-03-09 01:00:00,73.51306012322542,-34.38950867760802,19.3,50,138.1,289
2025-03-09 01:00:00,73.51306012322542,-34.38950867760802,22.0,30,107.9,296
2025-03-09 02:00:00,73.36798580246983,-34.798820586565775,0.11,1000,20.4,212
2025-03-09 02:00:00,73.36798580246983,-34.798820586565775,0.32,975,20.3,212
2025-03-09 02:00:00,73.36798580246983,-34.798820586565775,0.5,950,20.2,212
2025-03-09 02:00:00,73.36798580246983,-34.798820586565775,0.8,925,20.4,212
2025-03-09 02:00:00,73.36798580246983,-34.798820586565775,1.0,900,20.3,212
2025-03-09 02:00:00,73.36798580246983,-34.798820586565775,1.5,850,20.5,212
2025-03-09 02:00:00,73.36798580246983,-34.798820586565775,1.9,800,20.2,213
2025-03-09 02:00:00,73.36798580246983,-34.798820586565775,3.0,700,20.3,211
2025-03-09 02:00:00,73.36798580246983,-34.798820586565775,4.2,600,47.1,250
2025-03-09 02:00:00,73.36798580246983,-34.798820586565775,5.6,500,85.4,274
2025-03-09 02:00:00,73.36798580246983,-34.798820586565775,7.2,400,166.2,275
2025-03-09 02:00:00,73.36798580246983,-34.798820586565775,9.2,300,236.7,286
2025-03-09 02:00:00,73.36798580246983,-34.798820586565775,10.4,250,257.3,289
2025-03-09 02:00:00,73.36798580246983,-34.798820586565775,11.8,200,162.7,285
2025-03-09 02:00:00,73.36798580246983,-34.798820586565775,13.5,150,119.4,280
2025-03-09 02:00:00,73.36798580246983,-34.798820586565775,15.8,100,125.0,282
2025-03-09 02:00:00,73.36798580246983,-34.798820586565775,17.7,70,142.9,283
2025-03-09 02:00:00,73.36798580246983,-34.798820586565775,19.3,50,134.7,289
2025-03-09 02:00:00,73.36798580246983,-34.798820586565775,22.0,30,105.8,295
2025-03-09 02:00:00,73.369391292048,-34.79489912008786,0.11,1000,20.4,212
2025-03-09 02:00:00,73.369391292048,-34.79489912008786,0.32,975,20.3,212
2025-03-09 02:00:00,73.369391292048,-34.79489912008786,0.5,950,20.2,212
2025-03-09 02:00:00,73.369391292048,-34.79489912008786,0.8,925,20.4,212
2025-03-09 02:00:00,73.369391292048,-34.79489912008786,1.0,900,20.3,212
2025-03-09 02:00:00,73.369391292048,-34.79489912008786,1.5,850,20.5,212
2025-03-09 02:00:00,73.369391292048,-34.79489912008786,1.9,800,20.2,213
2025-03-09 02:00:00,73.369391292048,-34.79489912008786,3.0,700,20.3,211
2025-03-09 02:00:00,73.369391292048,-34.79489912008786,4.2,600,47.1,250
2025-03-09 02:00:00,73.369391292048,-34.79489912008786,5.6,500,85.4,274
2025-03-09 02:00:00,73.369391292048,-34.79489912008786,7.2,400,166.2,275
2025-03-09 02:00:00,73.369391292048,-34.79489912008786,9.2,300,236.7,286
2025-03-09 02:00:00,73.369391292048,-34.79489912008786,10.4,250,257.3,289
2025-03-09 02:00:00,73.369391292048,-34.79489912008786,11.8,200,162.7,285
2025-03-09 02:00:00,73.369391292048,-34.79489912008786,13.5,150,119.4,280
2025-03-09 02:00:00,73.369391292048,-34.79489912008786,15.8,100,125.0,282
2025-03-09 02:00:00,73.369391292048,-34.79489912008786,17.7,70,142.9,283
2025-03-09 02:00:00,73.369391292048,-34.79489912008786,19.3,50,134.7,289
2025-03-09 02:00:00,73.369391292048,-34.79489912008786,22.0,30,105.8,295
2025-03-09 02:00:00,73.36868855645945,-34.7968599338362,0.11,1000,20.4,212
2025-03-09 02:00:00,73.36868855645945,-34.7968599338362,0.32,975,20.3,212
2025-03-09 02:00:00,73.36868855645945,-34.7968599338362,0.5,950,20.2,212
2025-03-09 02:00:00,73.36868855645945,-34.7968599338362,0.8,925,20.4,212
2025-03-09 02:00:00,73.36868855645945,-34.7968599338362,1.0,900,20.3,212
2025-03-09 02:00:00,73.36868855645945,-34.7968599338362,1.5,850,20.5,212
2025-03-09 02:00:00,73.36868855645945,-34.7968599338362,1.9,800,20.2,213
2025-03-09 02:00:00,73.36868855645945,-34.7968599338362,3.0,700,20.3,211
2025-03-09 02:00:00,73.36868855645945,-34.7968599338362,4.2,600,47.1,250
2025-03-09 02:00:00,73.36868855645945,-34.7968599338362,5.6,500,85.4,274
2025-03-09 02:00:00,73.36868855645945,-34.7968599338362,7.2,400,166.2,275
2025-03-09 02:00:00,73.36868855645945,-34.7968599338362,9.2,300,236.7,286
2025-03-09 02:00:00,73.36868855645945,-34.7968599338362,10.4,250,257.3,289
2025-03-09 02:00:00,73.36868855645945,-34.7968599338362,11.8,200,162.7,285
2025-03-09 02:00:00,73.36868855645945,-34.7968599338362,13.5,150,119.4,280
2025-03-09 02:00:00,73.36868855645945,-34.7968599338362,15.8,100,125.0,282
2025-03-09 02:00:00,73.36868855645945,-34.7968599338362,17.7,70,142.9,283
2025-03-09 02:00:00,73.36868855645945,-34.7968599338362,19.3,50,134.7,289
2025-03-09 02:00:00,73.36868855645945,-34.7968599338362,22.0,30,105.8,295
2025-03-09 03:00:00,73.21124351686339,-35.12434889157136,0.11,1000,22.0,215
2025-03-09 03:00:00,73.21124351686339,-35.12434889157136,0.32,975,22.1,215
2025-03-09 03:00:00,73.21124351686339,-35.12434889157136,0.5,950,22.2,215
2025-03-09 03:00:00,73.21124351686339,-35.12434889157136,0.8,925,22.0,215
2025-03-09 03:00:00,73.21124351686339,-35.12434889157136,1.0,900,21.9,215
2025-03-09 03:00:00,73.21124351686339,-35.12434889157136,1.5,850,22.2,215
2025-03-09 03:00:00,73.21124351686339,-35.12434889157136,1.9,800,21.9,215
2025-03-09 03:00:00,73.21124351686339,-35.12434889157136,3.0,700,21.9,215
2025-03-09 03:00:00,73.21124351686339,-35.12434889157136,4.2,600,51.0,258
2025-03-09 03:00:00,73.21124351686339,-35.12434889157136,5.6,500,104.8,275
2025-03-09 03:00:00,73.21124351686339,-35.12434889157136,7.2,400,165.0,281
2025-03-09 03:00:00,73.21124351686339,-35.12434889157136,9.2,300,237.8,284
2025-03-09 03:00:00,73.21124351686339,-35.12434889157136,10.4,250,243.3,287
2025-03-09 03:00:00,73.21124351686339,-35.12434889157136,11.8,200,183.8,286
2025-03-09 03:00:00,73.21124351686339,-35.12434889157136,13.5,150,124.3,280
2025-03-09 03:00:00,73.21124351686339,-35.12434889157136,15.8,100,123.6,281
2025-03-09 03:00:00,73.21124351686339,-35.12434889157136,17.7,70,142.3,284
2025-03-09 03:00:00,73.21124351686339,-35.12434889157136,19.3,50,134.7,288
2025-03-09 03:00:00,73.21124351686339,-35.12434889157136,22.0,30,105.9,293
2025-03-09 03:00:00,73.21264898375522,-35.12045389471404,0.11,1000,22.0,215
2025-03-09 03:00:00,73.21264898375522,-35.12045389471404,0.32,975,22.1,215
2025-03-09 03:00:00,73.21264898375522,-35.12045389471404,0.5,950,22.2,215
2025-03-09 03:00:00,73.21264898375522,-35.12045389471404,0.8,925,22.0,215
2025-03-09 03:00:00,73.21264898375522,-35.12045389471404,1.0,900,21.9,215
2025-03-09 03:00:00,73.21264898375522,-35.12045389471404,1.5,850,22.2,215
2025-03-09 03:00:00,73.21264898375522,-35.12045389471404,1.9,800,21.9,215
2025-03-09 03:00:00,73.21264898375522,-35.12045389471404,3.0,700,21.9,215
2025-03-09 03:00:00,73.21264898375522,-35.12045389471404,4.2,600,51.0,258
2025-03-09 03:00:00,73.21264898375522,-35.12045389471404,5.6,500,104.8,275
2025-03-09 03:00:00,73.21264898375522,-35.12045389471404,7.2,400,165.0,281
2025-03-09 03:00:00,73.21264898375522,-35.12045389471404,9.2,300,237.8,284
2025-03-09 03:00:00,73.21264898375522,-35.12045389471404,10.4,250,243.3,287
2025-03-09 03:00:00,73.21264898375522,-35.12045389471404,11.8,200,183.8,286
2025-03-09 03:00:00,73.21264898375522,-35.12045389471404,13.5,150,124.3,280
2025-03-09 03:00:00,73.21264898375522,-35.12045389471404,15.8,100,123.6,281
2025-03-09 03:00:00,73.21264898375522,-35.12045389471404,17.7,70,142.3,284
2025-03-09 03:00:00,73.21264898375522,-35.12045389471404,19.3,50,134.7,288
2025-03-09 03:00:00,73.21264898375522,-35.12045389471404,22.0,30,105.9,293
2025-03-09 03:00:00,73.21194625951013,-35.12240147326282,0.11,1000,22.0,215
2025-03-09 03:00:00,73.21194625951013,-35.12240147326282,0.32,975,22.1,215
2025-03-09 03:00:00,73.21194625951013,-35.12240147326282,0.5,950,22.2,215
2025-03-09 03:00:00,73.21194625951013,-35.12240147326282,0.8,925,22.0,215
2025-03-09 03:00:00,73.21194625951013,-35.12240147326282,1.0,900,21.9,215
2025-03-09 03:00:00,73.21194625951013,-35.12240147326282,1.5,850,22.2,215
2025-03-09 03:00:00,73.21194625951013,-35.12240147326282,1.9,800,21.9,215
2025-03-09 03:00:00,73.21194625951013,-35.12240147326282,3.0,700,21.9,215
2025-03-09 03:00:00,73.21194625951013,-35.12240147326282,4.2,600,51.0,258
2025-03-09 03:00:00,73.21194625951013,-35.12240147326282,5.6,500,104.8,275
2025-03-09 03:00:00,73.21194625951013,-35.12240147326282,7.2,400,165.0,281
2025-03-09 03:00:00,73.21194625951013,-35.12240147326282,9.2,300,237.8,284
2025-03-09 03:00:00,73.21194625951013,-35.12240147326282,10.4,250,243.3,287
2025-03-09 03:00:00,73.21194625951013,-35.12240147326282,11.8,200,183.8,286
2025-03-09 03:00:00,73.21194625951013,-35.12240147326282,13.5,150,124.3,280
2025-03-09 03:00:00,73.21194625951013,-35.12240147326282,15.8,100,123.6,281
2025-03-09 03:00:00,73.21194625951013,-35.12240147326282,17.7,70,142.3,284
2025-03-09 03:00:00,73.21194625951013,-35.12240147326282,19.3,50,134.7,288
2025-03-09 03:00:00,73.21194625951013,-35.12240147326282,22.0,30,105.9,293
2025-03-09 04:00:00,73.04806471066343,-35.51533308812679,0.11,1000,25.6,238
2025-03-09 04:00:00,73.04806471066343,-35.51533308812679,0.32,975,25.6,238
2025-03-09 04:00:00,73.04806471066343,-35.51533308812679,0.5,950,25.6,238
2025-03-09 04:00:00,73.04806471066343,-35.51533308812679,0.8,925,25.7,238
2025-03-09 04:00:00,73.04806471066343,-35.51533308812679,1.0,900,25.6,238
2025-03-09 04:00:00,73.04806471066343,-35.51533308812679,1.5,850,25.8,238
2025-03-09 04:00:00,73.04806471066343,-35.51533308812679,1.9,800,25.4,238
2025-03-09 04:00:00,73.04806471066343,-35.51533308812679,3.0,700,25.7,238
2025-03-09 04:00:00,73.04806471066343,-35.51533308812679,4.2,600,59.8,268
2025-03-09 04:00:00,73.04806471066343,-35.51533308812679,5.6,500,117.7,272
2025-03-09 04:00:00,73.04806471066343,-35.51533308812679,7.2,400,161.4,279
2025-03-09 04:00:00,73.04806471066343,-35.51533308812679,9.2,300,213.1,283
2025-03-09 04:00:00,73.04806471066343,-35.51533308812679,10.4,250,220.7,286
2025-03-09 04:00:00,73.04806471066343,-35.51533308812679,11.8,200,203.4,289
2025-03-09 04:00:00,73.04806471066343,-35.51533308812679,13.5,150,132.6,279
2025-03-09 04:00:00,73.04806471066343,-35.51533308812679,15.8,100,120.3,282
2025-03-09 04:00:00,73.04806471066343,-35.51533308812679,17.7,70,143.6,282
2025-03-09 04:00:00,73.04806471066343,-35.51533308812679,19.3,50,138.5,284
2025-03-09 04:00:00,73.04806471066343,-35.51533308812679,22.0,30,106.4,294
2025-03-09 04:00:00,73.04732466926816,-35.517085625854,0.11,1000,25.6,238
2025-03-09 04:00:00,73.04732466926816,-35.517085625854,0.32,975,25.6,238
2025-03-09 04:00:00,73.04732466926816,-35.517085625854,0.5,950,25.6,238
2025-03-09 04:00:00,73.04732466926816,-35.517085625854,0.8,925,25.7,238
2025-03-09 04:00:00,73.04732466926816,-35.517085625854,1.0,900,25.6,238
2025-03-09 04:00:00,73.04732466926816,-35.517085625854,1.5,850,25.8,238
2025-03-09 04:00:00,73.04732466926816,-35.517085625854,1.9,800,25.4,238
2025-03-09 04:00:00,73.04732466926816,-35.517085625854,3.0,700,25.7,238
2025-03-09 04:00:00,73.04732466926816,-35.517085625854,4.2,600,59.8,268
2025-03-09 04:00:00,73.04732466926816,-35.517085625854,5.6,500,117.7,272
2025-03-09 04:00:00,73.04732466926816,-35.517085625854,7.2,400,161.4,279
2025-03-09 04:00:00,73.04732466926816,-35.517085625854,9.2,300,213.1,283
2025-03-09 04:00:00,73.04732466926816,-35.517085625854,10.4,250,220.7,286
2025-03-09 04:00:00,73.04732466926816,-35.517085625854,11.8,200,203.4,289
2025-03-09 04:00:00,73.04732466926816,-35.517085625854,13.5,150,132.6,279
2025-03-09 04:00:00,73.04732466926816,-35.517085625854,15.8,100,120.3,282
2025-03-09 04:00:00,73.04732466926816,-35.517085625854,17.7,70,143.6,282
2025-03-09 04:00:00,73.04732466926816,-35.517085625854,19.3,50,138.5,284
2025-03-09 04:00:00,73.04732466926816,-35.517085625854,22.0,30,106.4,294
2025-03-09 04:00:00,73.04802739540516,-35.515154010402476,0.11,1000,25.6,238
2025-03-09 04:00:00,73.04802739540516,-35.515154010402476,0.32,975,25.6,238
2025-03-09 04:00:00,73.04802739540516,-35.515154010402476,0.5,950,25.6,238
2025-03-09 04:00:00,73.04802739540516,-35.515154010402476,0.8,925,25.7,238
2025-03-09 04:00:00,73.04802739540516,-35.515154010402476,1.0,900,25.6,238
2025-03-09 04:00:00,73.04802739540516,-35.515154010402476,1.5,850,25.8,238
2025-03-09 04:00:00,73.04802739540516,-35.515154010402476,1.9,800,25.4,238
2025-03-09 04:00:00,73.04802739540516,-35.515154010402476,3.0,700,25.7,238
2025-03-09 04:00:00,73.04802739540516,-35.515154010402476,4.2,600,59.8,268
2025-03-09 04:00:00,73.04802739540516,-35.515154010402476,5.6,500,117.7,272
2025-03-09 04:00:00,73.04802739540516,-35.515154010402476,7.2,400,161.4,279
2025-03-09 04:00:00,73.04802739540516,-35.515154010402476,9.2,300,213.1,283
2025-03-09 04:00:00,73.04802739540516,-35.515154010402476,10.4,250,220.7,286
2025-03-09 04:00:00,73.04802739540516,-35.515154010402476,11.8,200,203.4,289
2025-03-09 04:00:00,73.04802739540516,-35.515154010402476,13.5,150,132.6,279
2025-03-09 04:00:00,73.04802739540516,-35.515154010402476,15.8,100,120.3,282
2025-03-09 04:00:00,73.04802739540516,-35.515154010402476,17.7,70,143.6,282
2025-03-09 04:00:00,73.04802739540516,-35.515154010402476,19.3,50,138.5,284
2025-03-09 04:00:00,73.04802739540516,-35.515154010402476,22.0,30,106.4,294
2025-03-09 05:00:00,72.92423983951481,-36.18201397706941,0.11,1000,27.5,243
2025-03-09 05:00:00,72.92423983951481,-36.18201397706941,0.32,975,27.5,243
2025-03-09 05:00:00,72.92423983951481,-36.18201397706941,0.5,950,27.5,242
2025-03-09 05:00:00,72.92423983951481,-36.18201397706941,0.8,925,27.7,242
2025-03-09 05:00:00,72.92423983951481,-36.18201397706941,1.0,900,27.3,243
2025-03-09 05:00:00,72.92423983951481,-36.18201397706941,1.5,850,27.7,243
2025-03-09 05:00:00,72.92423983951481,-36.18201397706941,1.9,800,27.5,243
2025-03-09 05:00:00,72.92423983951481,-36.18201397706941,3.0,700,27.2,243
2025-03-09 05:00:00,72.92423983951481,-36.18201397706941,4.2,600,66.4,274
2025-03-09 05:00:00,72.92423983951481,-36.18201397706941,5.6,500,106.9,272
2025-03-09 05:00:00,72.92423983951481,-36.18201397706941,7.2,400,154.1,279
2025-03-09 05:00:00,72.92423983951481,-36.18201397706941,9.2,300,195.5,279
2025-03-09 05:00:00,72.92423983951481,-36.18201397706941,10.4,250,204.6,280
2025-03-09 05:00:00,72.92423983951481,-36.18201397706941,11.8,200,199.6,289
2025-03-09 05:00:00,72.92423983951481,-36.18201397706941,13.5,150,133.8,279
2025-03-09 05:00:00,72.92423983951481,-36.18201397706941,15.8,100,121.2,278
2025-03-09 05:00:00,72.92423983951481,-36.18201397706941,17.7,70,143.8,283
2025-03-09 05:00:00,72.92423983951481,-36.18201397706941,19.3,50,141.5,283
2025-03-09 05:00:00,72.92423983951481,-36.18201397706941,22.0,30,105.0,292
2025-03-09 05:00:00,72.92520977805434,-36.176855383266876,0.11,1000,27.5,243
2025-03-09 05:00:00,72.92520977805434,-36.176855383266876,0.32,975,27.5,243
2025-03-09 05:00:00,72.92520977805434,-36.176855383266876,0.5,950,27.5,242
2025-03-09 05:00:00,72.92520977805434,-36.176855383266876,0.8,925,27.7,242
2025-03-09 05:00:00,72.92520977805434,-36.176855383266876,1.0,900,27.3,243
2025-03-09 05:00:00,72.92520977805434,-36.176855383266876,1.5,850,27.7,243
2025-03-09 05:00:00,72.92520977805434,-36.176855383266876,1.9,800,27.5,243
2025-03-09 05:00:00,72.92520977805434,-36.176855383266876,3.0,700,27.2,243
2025-03-09 05:00:00,72.92520977805434,-36.176855383266876,4.2,600,66.4,274
2025-03-09 05:00:00,72.92520977805434,-36.176855383266876,5.6,500,106.9,272
2025-03-09 05:00:00,72.92520977805434,-36.176855383266876,7.2,400,154.1,279
2025-03-09 05:00:00,72.92520977805434,-36.176855383266876,9.2,300,195.5,279
2025-03-09 05:00:00,72.92520977805434,-36.176855383266876,10.4,250,204.6,280
2025-03-09 05:00:00,72.92520977805434,-36.176855383266876,11.8,200,199.6,289
2025-03-09 05:00:00,72.92520977805434,-36.176855383266876,13.5,150,133.8,279
2025-03-09 05:00:00,72.92520977805434,-36.176855383266876,15.8,100,121.2,278
2025-03-09 05:00:00,72.92520977805434,-36.176855383266876,17.7,70,143.8,283
2025-03-09 05:00:00,72.92520977805434,-36.176855383266876,19.3,50,141.5,283
2025-03-09 05:00:00,72.92520977805434,-36.176855383266876,22.0,30,105.0,292
2025-03-09 05:00:00,72.92591245759968,-36.17495011303122,0.11,1000,27.5,243
2025-03-09 05:00:00,72.92591245759968,-36.17495011303122,0.32,975,27.5,243
2025-03-09 05:00:00,72.92591245759968,-36.17495011303122,0.5,950,27.5,242
2025-03-09 05:00:00,72.92591245759968,-36.17495011303122,0.8,925,27.7,242
2025-03-09 05:00:00,72.92591245759968,-36.17495011303122,1.0,900,27.3,243
2025-03-09 05:00:00,72.92591245759968,-36.17495011303122,1.5,850,27.7,243
2025-03-09 05:00:00,72.92591245759968,-36.17495011303122,1.9,800,27.5,243
2025-03-09 05:00:00,72.92591245759968,-36.17495011303122,3.0,700,27.2,243
2025-03-09 05:00:00,72.92591245759968,-36.17495011303122,4.2,600,66.4,274
2025-03-09 05:00:00,72.92591245759968,-36.17495011303122,5.6,500,106.9,272
2025-03-09 05:00:00,72.92591245759968,-36.17495011303122,7.2,400,154.1,279
2025-03-09 05:00:00,72.92591245759968,-36.17495011303122,9.2,300,195.5,279
2025-03-09 05:00:00,72.92591245759968,-36.17495011303122,10.4,250,204.6,280
2025-03-09 05:00:00,72.92591245759968,-36.17495011303122,11.8,200,199.6,289
2025-03-09 05:00:00,72.92591245759968,-36.17495011303122,13.5,150,133.8,279
2025-03-09 05:00:00,72.92591245759968,-36.17495011303122,15.8,100,121.2,278
2025-03-09 05:00:00,72.92591245759968,-36.17495011303122,17.7,70,143.8,283
2025-03-09 05:00:00,72.92591245759968,-36.17495011303122,19.3,50,141.5,283
2025-03-09 05:00:00,72.92591245759968,-36.17495011303122,22.0,30,105.0,292
2025-03-09 06:00:00,72.80678777994494,-36.92076216694177,0.11,1000,30.9,241
2025-03-09 06:00:00,72.80678777994494,-36.92076216694177,0.32,975,31.0,241
2025-03-09 06:00:00,72.80678777994494,-36.92076216694177,0.5,950,31.0,241
2025-03-09 06:00:00,72.80678777994494,-36.92076216694177,0.8,925,31.0,240
2025-03-09 06:00:00,72.80678777994494,-36.92076216694177,1.0,900,30.7,241
2025-03-09 06:00:00,72.80678777994494,-36.92076216694177,1.5,850,30.8,241
2025-03-09 06:00:00,72.80678777994494,-36.92076216694177,1.9,800,30.9,241
2025-03-09 06:00:00,72.80678777994494,-36.92076216694177,3.0,700,30.9,240
2025-03-09 06:00:00,72.80678777994494,-36.92076216694177,4.2,600,76.1,272
2025-03-09 06:00:00,72.80678777994494,-36.92076216694177,5.6,500,97.2,269
2025-03-09 06:00:00,72.80678777994494,-36.92076216694177,7.2,400,145.0,277
2025-03-09 06:00:00,72.80678777994494,-36.92076216694177,9.2,300,181.3,272
2025-03-09 06:00:00,72.80678777994494,-36.92076216694177,10.4,250,188.1,275
2025-03-09 06:00:00,72.80678777994494,-36.92076216694177,11.8,200,168.0,285
2025-03-09 06:00:00,72.80678777994494,-36.92076216694177,13.5,150,134.9,275
2025-03-09 06:00:00,72.80678777994494,-36.92076216694177,15.8,100,121.0,277
2025-03-09 06:00:00,72.80678777994494,-36.92076216694177,17.7,70,145.3,283
2025-03-09 06:00:00,72.80678777994494,-36.92076216694177,19.3,50,144.0,281
2025-03-09 06:00:00,72.80678777994494,-36.92076216694177,22.0,30,109.3,289
2025-03-09 06:00:00,72.80775763785765,-36.915643991606245,0.11,1000,30.9,241
2025-03-09 06:00:00,72.80775763785765,-36.915643991606245,0.32,975,31.0,241
2025-03-09 06:00:00,72.80775763785765,-36.915643991606245,0.5,950,31.0,241
2025-03-09 06:00:00,72.80775763785765,-36.915643991606245,0.8,925,31.0,240
2025-03-09 06:00:00,72.80775763785765,-36.915643991606245,1.0,900,30.7,241
2025-03-09 06:00:00,72.80775763785765,-36.915643991606245,1.5,850,30.8,241
2025-03-09 06:00:00,72.80775763785765,-36.915643991606245,1.9,800,30.9,241
2025-03-09 06:00:00,72.80775763785765,-36.915643991606245,3.0,700,30.9,240
2025-03-09 06:00:00,72.80775763785765,-36.915643991606245,4.2,600,76.1,272
2025-03-09 06:00:00,72.80775763785765,-36.915643991606245,5.6,500,97.2,269
2025-03-09 06:00:00,72.80775763785765,-36.915643991606245,7.2,400,145.0,277
2025-03-09 06:00:00,72.80775763785765,-36.915643991606245,9.2,300,181.3,272
2025-03-09 06:00:00,72.80775763785765,-36.915643991606245,10.4,250,188.1,275
2025-03-09 06:00:00,72.80775763785765,-36.915643991606245,11.8,200,168.0,285
2025-03-09 06:00:00,72.80775763785765,-36.915643991606245,13.5,150,134.9,275
2025-03-09 06:00:00,72.80775763785765,-36.915643991606245,15.8,100,121.0,277
2025-03-09 06:00:00,72.80775763785765,-36.915643991606245,17.7,70,145.3,283
2025-03-09 06:00:00,72.80775763785765,-36.915643991606245,19.3,50,144.0,281
2025-03-09 06:00:00,72.80775763785765,-36.915643991606245,22.0,30,109.3,289
2025-03-09 06:00:00,72.80846025898674,-36.91376800573935,0.11,1000,30.9,241
2025-03-09 06:00:00,72.80846025898674,-36.91376800573935,0.32,975,31.0,241
2025-03-09 06:00:00,72.80846025898674,-36.91376800573935,0.5,950,31.0,241
2025-03-09 06:00:00,72.80846025898674,-36.91376800573935,0.8,925,31.0,240
2025-03-09 06:00:00,72.80846025898674,-36.91376800573935,1.0,900,30.7,241
2025-03-09 06:00:00,72.80846025898674,-36.91376800573935,1.5,850,30.8,241
2025-03-09 06:00:00,72.80846025898674,-36.91376800573935,1.9,800,30.9,241
2025-03-09 06:00:00,72.80846025898674,-36.91376800573935,3.0,700,30.9,240
2025-03-09 06:00:00,72.80846025898674,-36.91376800573935,4.2,600,76.1,272
2025-03-09 06:00:00,72.80846025898674,-36.91376800573935,5.6,500,97.2,269
2025-03-09 06:00:00,72.80846025898674,-36.91376800573935,7.2,400,145.0,277
2025-03-09 06:00:00,72.80846025898674,-36.91376800573935,9.2,300,181.3,272
2025-03-09 06:00:00,72.80846025898674,-36.91376800573935,10.4,250,188.1,275
2025-03-09 06:00:00,72.80846025898674,-36.91376800573935,11.8,200,168.0,285
2025-03-09 06:00:00,72.80846025898674,-36.91376800573935,13.5,150,134.9,275
2025-03-09 06:00:00,72.80846025898674,-36.91376800573935,15.8,100,121.0,277
2025-03-09 06:00:00,72.80846025898674,-36.91376800573935,17.7,70,145.3,283
2025-03-09 06:00:00,72.80846025898674,-36.91376800573935,19.3,50,144.0,281
2025-03-09 06:00:00,72.80846025898674,-36.91376800573935,22.0,30,109.3,289
2025-03-09 07:00:00,72.6662223268473,-37.72853898479384,0.11,1000,29.0,225
2025-03-09 07:00:00,72.6662223268473,-37.72853898479384,0.32,975,29.0,225
2025-03-09 07:00:00,72.6662223268473,-37.72853898479384,0.5,950,29.0,225
2025-03-09 07:00:00,72.6662223268473,-37.72853898479384,0.8,925,29.0,225
2025-03-09 07:00:00,72.6662223268473,-37.72853898479384,1.0,900,29.0,225
2025-03-09 07:00:00,72.6662223268473,-37.72853898479384,1.5,850,29.0,225
2025-03-09 07:00:00,72.6662223268473,-37.72853898479384,1.9,800,29.0,225
2025-03-09 07:00:00,72.6662223268473,-37.72853898479384,3.0,700,29.0,225
2025-03-09 07:00:00,72.6662223268473,-37.72853898479384,4.2,600,76.2,267
2025-03-09 07:00:00,72.6662223268473,-37.72853898479384,5.6,500,96.5,264
2025-03-09 07:00:00,72.6662223268473,-37.72853898479384,7.2,400,135.8,273
2025-03-09 07:00:00,72.6662223268473,-37.72853898479384,9.2,300,175.2,270
2025-03-09 07:00:00,72.6662223268473,-37.72853898479384,10.4,250,177.6,270
2025-03-09 07:00:00,72.6662223268473,-37.72853898479384,11.8,200,147.8,281
2025-03-09 07:00:00,72.6662223268473,-37.72853898479384,13.5,150,132.0,272
2025-03-09 07:00:00,72.6662223268473,-37.72853898479384,15.8,100,117.1,276
2025-03-09 07:00:00,72.6662223268473,-37.72853898479384,17.7,70,142.4,280
2025-03-09 07:00:00,72.6662223268473,-37.72853898479384,19.3,50,149.5,279
2025-03-09 07:00:00,72.6662223268473,-37.72853898479384,22.0,30,112.8,291
2025-03-09 07:00:00,72.66673196565552,-37.72605822491817,0.11,1000,29.0,225
2025-03-09 07:00:00,72.66673196565552,-37.72605822491817,0.32,975,29.0,225
2025-03-09 07:00:00,72.66673196565552,-37.72605822491817,0.5,950,29.0,225
2025-03-09 07:00:00,72.66673196565552,-37.72605822491817,0.8,925,29.0,225
2025-03-09 07:00:00,72.66673196565552,-37.72605822491817,1.0,900,29.0,225
2025-03-09 07:00:00,72.66673196565552,-37.72605822491817,1.5,850,29.0,225
2025-03-09 07:00:00,72.66673196565552,-37.72605822491817,1.9,800,29.0,225
2025-03-09 07:00:00,72.66673196565552,-37.72605822491817,3.0,700,29.0,225
2025-03-09 07:00:00,72.66673196565552,-37.72605822491817,4.2,600,76.2,267
2025-03-09 07:00:00,72.66673196565552,-37.72605822491817,5.6,500,96.5,264
2025-03-09 07:00:00,72.66673196565552,-37.72605822491817,7.2,400,135.8,273
2025-03-09 07:00:00,72.66673196565552,-37.72605822491817,9.2,300,175.2,270
2025-03-09 07:00:00,72.66673196565552,-37.72605822491817,10.4,250,177.6,270
2025-03-09 07:00:00,72.66673196565552,-37.72605822491817,11.8,200,147.8,281
2025-03-09 07:00:00,72.66673196565552,-37.72605822491817,13.5,150,132.0,272
2025-03-09 07:00:00,72.66673196565552,-37.72605822491817,15.8,100,117.1,276
2025-03-09 07:00:00,72.66673196565552,-37.72605822491817,17.7,70,142.4,280
2025-03-09 07:00:00,72.66673196565552,-37.72605822491817,19.3,50,149.5,279
2025-03-09 07:00:00,72.66673196565552,-37.72605822491817,22.0,30,112.8,291
2025-03-09 07:00:00,72.66719208837002,-37.72346461978513,0.11,1000,29.0,225
2025-03-09 07:00:00,72.66719208837002,-37.72346461978513,0.32,975,29.0,225
2025-03-09 07:00:00,72.66719208837002,-37.72346461978513,0.5,950,29.0,225
2025-03-09 07:00:00,72.66719208837002,-37.72346461978513,0.8,925,29.0,225
2025-03-09 07:00:00,72.66719208837002,-37.72346461978513,1.0,900,29.0,225
2025-03-09 07:00:00,72.66719208837002,-37.72346461978513,1.5,850,29.0,225
2025-03-09 07:00:00,72.66719208837002,-37.72346461978513,1.9,800,29.0,225
2025-03-09 07:00:00,72.66719208837002,-37.72346461978513,3.0,700,29.0,225
2025-03-09 07:00:00,72.66719208837002,-37.72346461978513,4.2,600,76.2,267
2025-03-09 07:00:00,72.66719208837002,-37.72346461978513,5.6,500,96.5,264
2025-03-09 07:00:00,72.66719208837002,-37.72346461978513,7.2,400,135.8,273
2025-03-09 07:00:00,72.66719208837002,-37.72346461978513,9.2,300,175.2,270
2025-03-09 07:00:00,72.66719208837002,-37.72346461978513,10.4,250,177.6,270
2025-03-09 07:00:00,72.66719208837002,-37.72346461978513,11.8,200,147.8,281
2025-03-09 07:00:00,72.66719208837002,-37.72346461978513,13.5,150,132.0,272
2025-03-09 07:00:00,72.66719208837002,-37.72346461978513,15.8,100,117.1,276
2025-03-09 07:00:00,72.66719208837002,-37.72346461978513,17.7,70,142.4,280
2025-03-09 07:00:00,72.66719208837002,-37.72346461978513,19.3,50,149.5,279
2025-03-09 07:00:00,72.66719208837002,-37.72346461978513,22.0,30,112.8,291
2025-03-09 08:00:00,72.48086571698438,-38.34117605675948,0.11,1000,24.4,217
2025-03-09 08:00:00,72.48086571698438,-38.34117605675948,0.32,975,24.4,217
2025-03-09 08:00:00,72.48086571698438,-38.34117605675948,0.5,950,24.3,217
2025-03-09 08:00:00,72.48086571698438,-38.34117605675948,0.8,925,24.4,218
2025-03-09 08:00:00,72.48086571698438,-38.34117605675948,1.0,900,24.2,217
2025-03-09 08:00:00,72.48086571698438,-38.34117605675948,1.5,850,24.4,217
2025-03-09 08:00:00,72.48086571698438,-38.34117605675948,1.9,800,24.3,217
2025-03-09 08:00:00,72.48086571698438,-38.34117605675948,3.0,700,24.3,218
2025-03-09 08:00:00,72.48086571698438,-38.34117605675948,4.2,600,71.0,262
2025-03-09 08:00:00,72.48086571698438,-38.34117605675948,5.6,500,109.5,266
2025-03-09 08:00:00,72.48086571698438,-38.34117605675948,7.2,400,127.4,273
2025-03-09 08:00:00,72.48086571698438,-38.34117605675948,9.2,300,169.3,268
2025-03-09 08:00:00,72.48086571698438,-38.34117605675948,10.4,250,167.6,264
2025-03-09 08:00:00,72.48086571698438,-38.34117605675948,11.8,200,138.0,270
2025-03-09 08:00:00,72.48086571698438,-38.34117605675948,13.5,150,120.0,270
2025-03-09 08:00:00,72.48086571698438,-38.34117605675948,15.8,100,112.9,272
2025-03-09 08:00:00,72.48086571698438,-38.34117605675948,17.7,70,141.7,278
2025-03-09 08:00:00,72.48086571698438,-38.34117605675948,19.3,50,157.0,280
2025-03-09 08:00:00,72.48086571698438,-38.34117605675948,22.0,30,109.4,291
2025-03-09 08:00:00,72.48137532665848,-38.33871256002884,0.11,1000,24.4,217
2025-03-09 08:00:00,72.48137532665848,-38.33871256002884,0.32,975,24.4,217
2025-03-09 08:00:00,72.48137532665848,-38.33871256002884,0.5,950,24.3,217
2025-03-09 08:00:00,72.48137532665848,-38.33871256002884,0.8,925,24.4,218
2025-03-09 08:00:00,72.48137532665848,-38.33871256002884,1.0,900,24.2,217
2025-03-09 08:00:00,72.48137532665848,-38.33871256002884,1.5,850,24.4,217
2025-03-09 08:00:00,72.48137532665848,-38.33871256002884,1.9,800,24.3,217
2025-03-09 08:00:00,72.48137532665848,-38.33871256002884,3.0,700,24.3,218
2025-03-09 08:00:00,72.48137532665848,-38.33871256002884,4.2,600,71.0,262
2025-03-09 08:00:00,72.48137532665848,-38.33871256002884,5.6,500,109.5,266
2025-03-09 08:00:00,72.48137532665848,-38.33871256002884,7.2,400,127.4,273
2025-03-09 08:00:00,72.48137532665848,-38.33871256002884,9.2,300,169.3,268
2025-03-09 08:00:00,72.48137532665848,-38.33871256002884,10.4,250,167.6,264
2025-03-09 08:00:00,72.48137532665848,-38.33871256002884,11.8,200,138.0,270
2025-03-09 08:00:00,72.48137532665848,-38.33871256002884,13.5,150,120.0,270
2025-03-09 08:00:00,72.48137532665848,-38.33871256002884,15.8,100,112.9,272
2025-03-09 08:00:00,72.48137532665848,-38.33871256002884,17.7,70,141.7,278
2025-03-09 08:00:00,72.48137532665848,-38.33871256002884,19.3,50,157.0,280
2025-03-09 08:00:00,72.48137532665848,-38.33871256002884,22.0,30,109.4,291
2025-03-09 08:00:00,72.48183542306808,-38.336134541644974,0.11,1000,24.4,217
2025-03-09 08:00:00,72.48183542306808,-38.336134541644974,0.32,975,24.4,217
2025-03-09 08:00:00,72.48183542306808,-38.336134541644974,0.5,950,24.3,217
2025-03-09 08:00:00,72.48183542306808,-38.336134541644974,0.8,925,24.4,218
2025-03-09 08:00:00,72.48183542306808,-38.336134541644974,1.0,900,24.2,217
2025-03-09 08:00:00,72.48183542306808,-38.336134541644974,1.5,850,24.4,217
2025-03-09 08:00:00,72.48183542306808,-38.336134541644974,1.9,800,24.3,217
2025-03-09 08:00:00,72.48183542306808,-38.336134541644974,3.0,700,24.3,218
2025-03-09 08:00:00,72.48183542306808,-38.336134541644974,4.2,600,71.0,262
2025-03-09 08:00:00,72.48183542306808,-38.336134541644974,5.6,500,109.5,266
2025-03-09 08:00:00,72.48183542306808,-38.336134541644974,7.2,400,127.4,273
2025-03-09 08:00:00,72.48183542306808,-38.336134541644974,9.2,300,169.3,268
2025-03-09 08:00:00,72.48183542306808,-38.336134541644974,10.4,250,167.6,264
2025-03-09 08:00:00,72.48183542306808,-38.336134541644974,11.8,200,138.0,270
2025-03-09 08:00:00,72.48183542306808,-38.336134541644974,13.5,150,120.0,270
2025-03-09 08:00:00,72.48183542306808,-38.336134541644974,15.8,100,112.9,272
2025-03-09 08:00:00,72.48183542306808,-38.336134541644974,17.7,70,141.7,278
2025-03-09 08:00:00,72.48183542306808,-38.336134541644974,19.3,50,157.0,280
2025-03-09 08:00:00,72.48183542306808,-38.336134541644974,22.0,30,109.4,291
2025-03-09 09:00:00,72.30564981578085,-38.773207155075035,0.11,1000,25.8,216
2025-03-09 09:00:00,72.30564981578085,-38.773207155075035,0.32,975,25.8,216
2025-03-09 09:00:00,72.30564981578085,-38.773207155075035,0.5,950,25.8,216
2025-03-09 09:00:00,72.30564981578085,-38.773207155075035,0.8,925,25.9,216
2025-03-09 09:00:00,72.30564981578085,-38.773207155075035,1.0,900,25.8,216
2025-03-09 09:00:00,72.30564981578085,-38.773207155075035,1.5,850,25.8,216
2025-03-09 09:00:00,72.30564981578085,-38.773207155075035,1.9,800,25.8,216
2025-03-09 09:00:00,72.30564981578085,-38.773207155075035,3.0,700,25.3,216
2025-03-09 09:00:00,72.30564981578085,-38.773207155075035,4.2,600,72.4,260
2025-03-09 09:00:00,72.30564981578085,-38.773207155075035,5.6,500,118.9,272
2025-03-09 09:00:00,72.30564981578085,-38.773207155075035,7.2,400,132.5,265
2025-03-09 09:00:00,72.30564981578085,-38.773207155075035,9.2,300,150.0,263
2025-03-09 09:00:00,72.30564981578085,-38.773207155075035,10.4,250,147.0,254
2025-03-09 09:00:00,72.30564981578085,-38.773207155075035,11.8,200,137.2,258
2025-03-09 09:00:00,72.30564981578085,-38.773207155075035,13.5,150,108.8,263
2025-03-09 09:00:00,72.30564981578085,-38.773207155075035,15.8,100,109.2,269
2025-03-09 09:00:00,72.30564981578085,-38.773207155075035,17.7,70,141.9,278
2025-03-09 09:00:00,72.30564981578085,-38.773207155075035,19.3,50,158.4,280
2025-03-09 09:00:00,72.30564981578085,-38.773207155075035,22.0,30,109.0,291
2025-03-09 09:00:00,72.30610989896073,-38.77064007332281,0.11,1000,25.8,216
2025-03-09 09:00:00,72.30610989896073,-38.77064007332281,0.32,975,25.8,216
2025-03-09 09:00:00,72.30610989896073,-38.77064007332281,0.5,950,25.8,216
2025-03-09 09:00:00,72.30610989896073,-38.77064007332281,0.8,925,25.9,216
2025-03-09 09:00:00,72.30610989896073,-38.77064007332281,1.0,900,25.8,216
2025-03-09 09:00:00,72.30610989896073,-38.77064007332281,1.5,850,25.8,216
2025-03-09 09:00:00,72.30610989896073,-38.77064007332281,1.9,800,25.8,216
2025-03-09 09:00:00,72.30610989896073,-38.77064007332281,3.0,700,25.3,216
2025-03-09 09:00:00,72.30610989896073,-38.77064007332281,4.2,600,72.4,260
2025-03-09 09:00:00,72.30610989896073,-38.77064007332281,5.6,500,118.9,272
2025-03-09 09:00:00,72.30610989896073,-38.77064007332281,7.2,400,132.5,265
2025-03-09 09:00:00,72.30610989896073,-38.77064007332281,9.2,300,150.0,263
2025-03-09 09:00:00,72.30610989896073,-38.77064007332281,10.4,250,147.0,254
2025-03-09 09:00:00,72.30610989896073,-38.77064007332281,11.8,200,137.2,258
2025-03-09 09:00:00,72.30610989896073,-38.77064007332281,13.5,150,108.8,263
2025-03-09 09:00:00,72.30610989896073,-38.77064007332281,15.8,100,109.2,269
2025-03-09 09:00:00,72.30610989896073,-38.77064007332281,17.7,70,141.9,278
2025-03-09 09:00:00,72.30610989896073,-38.77064007332281,19.3,50,158.4,280
2025-03-09 09:00:00,72.30610989896073,-38.77064007332281,22.0,30,109.0,291
2025-03-09 09:00:00,72.30683201463411,-38.76887638388301,0.11,1000,25.8,216
2025-03-09 09:00:00,72.30683201463411,-38.76887638388301,0.32,975,25.8,216
2025-03-09 09:00:00,72.30683201463411,-38.76887638388301,0.5,950,25.8,216
2025-03-09 09:00:00,72.30683201463411,-38.76887638388301,0.8,925,25.9,216
2025-03-09 09:00:00,72.30683201463411,-38.76887638388301,1.0,900,25.8,216
2025-03-09 09:00:00,72.30683201463411,-38.76887638388301,1.5,850,25.8,216
2025-03-09 09:00:00,72.30683201463411,-38.76887638388301,1.9,800,25.8,216
2025-03-09 09:00:00,72.30683201463411,-38.76887638388301,3.0,700,25.3,216
2025-03-09 09:00:00,72.30683201463411,-38.76887638388301,4.2,600,72.4,260
2025-03-09 09:00:00,72.30683201463411,-38.76887638388301,5.6,500,118.9,272
2025-03-09 09:00:00,72.30683201463411,-38.76887638388301,7.2,400,132.5,265
2025-03-09 09:00:00,72.30683201463411,-38.76887638388301,9.2,300,150.0,263
2025-03-09 09:00:00,72.30683201463411,-38.76887638388301,10.4,250,147.0,254
2025-03-09 09:00:00,72.30683201463411,-38.76887638388301,11.8,200,137.2,258
2025-03-09 09:00:00,72.30683201463411,-38.76887638388301,13.5,150,108.8,263
2025-03-09 09:00:00,72.30683201463411,-38.76887638388301,15.8,100,109.2,269
2025-03-09 09:00:00,72.30683201463411,-38.76887638388301,17.7,70,141.9,278
2025-03-09 09:00:00,72.30683201463411,-38.76887638388301,19.3,50,158.4,280
2025-03-09 09:00:00,72.30683201463411,-38.76887638388301,22.0,30,109.0,291
2025-03-09 10:00:00,72.11670279684809,-39.21905458444627,0.11,1000,26.4,206
2025-03-09 10:00:00,72.11670279684809,-39.21905458444627,0.32,975,26.4,206
2025-03-09 10:00:00,72.11670279684809,-39.21905458444627,0.5,950,26.3,206
2025-03-09 10:00:00,72.11670279684809,-39.21905458444627,0.8,925,26.4,206
2025-03-09 10:00:00,72.11670279684809,-39.21905458444627,1.0,900,26.6,206
2025-03-09 10:00:00,72.11670279684809,-39.21905458444627,1.5,850,26.3,206
2025-03-09 10:00:00,72.11670279684809,-39.21905458444627,1.9,800,26.6,206
2025-03-09 10:00:00,72.11670279684809,-39.21905458444627,3.0,700,26.4,207
2025-03-09 10:00:00,72.11670279684809,-39.21905458444627,4.2,600,88.8,264
2025-03-09 10:00:00,72.11670279684809,-39.21905458444627,5.6,500,102.2,267
2025-03-09 10:00:00,72.11670279684809,-39.21905458444627,7.2,400,119.6,260
2025-03-09 10:00:00,72.11670279684809,-39.21905458444627,9.2,300,147.0,254
2025-03-09 10:00:00,72.11670279684809,-39.21905458444627,10.4,250,153.8,249
2025-03-09 10:00:00,72.11670279684809,-39.21905458444627,11.8,200,121.4,256
2025-03-09 10:00:00,72.11670279684809,-39.21905458444627,13.5,150,92.3,257
2025-03-09 10:00:00,72.11670279684809,-39.21905458444627,15.8,100,108.0,269
2025-03-09 10:00:00,72.11670279684809,-39.21905458444627,17.7,70,139.2,277
2025-03-09 10:00:00,72.11670279684809,-39.21905458444627,19.3,50,158.8,278
2025-03-09 10:00:00,72.11670279684809,-39.21905458444627,22.0,30,105.9,290
2025-03-09 10:00:00,72.11716286609825,-39.21649859825677,0.11,1000,26.4,206
2025-03-09 10:00:00,72.11716286609825,-39.21649859825677,0.32,975,26.4,206
2025-03-09 10:00:00,72.11716286609825,-39.21649859825677,0.5,950,26.3,206
2025-03-09 10:00:00,72.11716286609825,-39.21649859825677,0.8,925,26.4,206
2025-03-09 10:00:00,72.11716286609825,-39.21649859825677,1.0,900,26.6,206
2025-03-09 10:00:00,72.11716286609825,-39.21649859825677,1.5,850,26.3,206
2025-03-09 10:00:00,72.11716286609825,-39.21649859825677,1.9,800,26.6,206
2025-03-09 10:00:00,72.11716286609825,-39.21649859825677,3.0,700,26.4,207
2025-03-09 10:00:00,72.11716286609825,-39.21649859825677,4.2,600,88.8,264
2025-03-09 10:00:00,72.11716286609825,-39.21649859825677,5.6,500,102.2,267
2025-03-09 10:00:00,72.11716286609825,-39.21649859825677,7.2,400,119.6,260
2025-03-09 10:00:00,72.11716286609825,-39.21649859825677,9.2,300,147.0,254
2025-03-09 10:00:00,72.11716286609825,-39.21649859825677,10.4,250,153.8,249
2025-03-09 10:00:00,72.11716286609825,-39.21649859825677,11.8,200,121.4,256
2025-03-09 10:00:00,72.11716286609825,-39.21649859825677,13.5,150,92.3,257
2025-03-09 10:00:00,72.11716286609825,-39.21649859825677,15.8,100,108.0,269
2025-03-09 10:00:00,72.11716286609825,-39.21649859825677,17.7,70,139.2,277
2025-03-09 10:00:00,72.11716286609825,-39.21649859825677,19.3,50,158.8,278
2025-03-09 10:00:00,72.11716286609825,-39.21649859825677,22.0,30,105.9,290
2025-03-09 10:00:00,72.11788495990707,-39.214752324839,0.11,1000,26.4,206
2025-03-09 10:00:00,72.11788495990707,-39.214752324839,0.32,975,26.4,206
2025-03-09 10:00:00,72.11788495990707,-39.214752324839,0.5,950,26.3,206
2025-03-09 10:00:00,72.11788495990707,-39.214752324839,0.8,925,26.4,206
2025-03-09 10:00:00,72.11788495990707,-39.214752324839,1.0,900,26.6,206
2025-03-09 10:00:00,72.11788495990707,-39.214752324839,1.5,850,26.3,206
2025-03-09 10:00:00,72.11788495990707,-39.214752324839,1.9,800,26.6,206
2025-03-09 10:00:00,72.11788495990707,-39.214752324839,3.0,700,26.4,207
2025-03-09 10:00:00,72.11788495990707,-39.214752324839,4.2,600,88.8,264
2025-03-09 10:00:00,72.11788495990707,-39.214752324839,5.6,500,102.2,267
2025-03-09 10:00:00,72.11788495990707,-39.214752324839,7.2,400,119.6,260
2025-03-09 10:00:00,72.11788495990707,-39.214752324839,9.2,300,147.0,254
2025-03-09 10:00:00,72.11788495990707,-39.214752324839,10.4,250,153.8,249
2025-03-09 10:00:00,72.11788495990707,-39.214752324839,11.8,200,121.4,256
2025-03-09 10:00:00,72.11788495990707,-39.214752324839,13.5,150,92.3,257
2025-03-09 10:00:00,72.11788495990707,-39.214752324839,15.8,100,108.0,269
2025-03-09 10:00:00,72.11788495990707,-39.214752324839,17.7,70,139.2,277
2025-03-09 10:00:00,72.11788495990707,-39.214752324839,19.3,50,158.8,278
2025-03-09 10:00:00,72.11788495990707,-39.214752324839,22.0,30,105.9,290
2025-03-09 11:00:00,71.90139981314218,-39.55662473287787,0.11,1000,25.9,207
2025-03-09 11:00:00,71.90139981314218,-39.55662473287787,0.32,975,26.0,207
2025-03-09 11:00:00,71.90139981314218,-39.55662473287787,0.5,950,26.1,207
2025-03-09 11:00:00,71.90139981314218,-39.55662473287787,0.8,925,25.7,207
2025-03-09 11:00:00,71.90139981314218,-39.55662473287787,1.0,900,25.8,207
2025-03-09 11:00:00,71.90139981314218,-39.55662473287787,1.5,850,26.1,207
2025-03-09 11:00:00,71.90139981314218,-39.55662473287787,1.9,800,25.9,208
2025-03-09 11:00:00,71.90139981314218,-39.55662473287787,3.0,700,25.8,207
2025-03-09 11:00:00,71.90139981314218,-39.55662473287787,4.2,600,78.5,271
2025-03-09 11:00:00,71.90139981314218,-39.55662473287787,5.6,500,96.6,264
2025-03-09 11:00:00,71.90139981314218,-39.55662473287787,7.2,400,114.8,259
2025-03-09 11:00:00,71.90139981314218,-39.55662473287787,9.2,300,134.9,246
2025-03-09 11:00:00,71.90139981314218,-39.55662473287787,10.4,250,140.1,244
2025-03-09 11:00:00,71.90139981314218,-39.55662473287787,11.8,200,134.8,245
2025-03-09 11:00:00,71.90139981314218,-39.55662473287787,13.5,150,88.8,251
2025-03-09 11:00:00,71.90139981314218,-39.55662473287787,15.8,100,109.2,270
2025-03-09 11:00:00,71.90139981314218,-39.55662473287787,17.7,70,139.8,275
2025-03-09 11:00:00,71.90139981314218,-39.55662473287787,19.3,50,154.9,280
2025-03-09 11:00:00,71.90139981314218,-39.55662473287787,22.0,30,99.4,288
2025-03-09 11:00:00,71.90185987440714,-39.55407704061658,0.11,1000,25.9,207
2025-03-09 11:00:00,71.90185987440714,-39.55407704061658,0.32,975,26.0,207
2025-03-09 11:00:00,71.90185987440714,-39.55407704061658,0.5,950,26.1,207
2025-03-09 11:00:00,71.90185987440714,-39.55407704061658,0.8,925,25.7,207
2025-03-09 11:00:00,71.90185987440714,-39.55407704061658,1.0,900,25.8,207
2025-03-09 11:00:00,71.90185987440714,-39.55407704061658,1.5,850,26.1,207
2025-03-09 11:00:00,71.90185987440714,-39.55407704061658,1.9,800,25.9,208
2025-03-09 11:00:00,71.90185987440714,-39.55407704061658,3.0,700,25.8,207
2025-03-09 11:00:00,71.90185987440714,-39.55407704061658,4.2,600,78.5,271
2025-03-09 11:00:00,71.90185987440714,-39.55407704061658,5.6,500,96.6,264
2025-03-09 11:00:00,71.90185987440714,-39.55407704061658,7.2,400,114.8,259
2025-03-09 11:00:00,71.90185987440714,-39.55407704061658,9.2,300,134.9,246
2025-03-09 11:00:00,71.90185987440714,-39.55407704061658,10.4,250,140.1,244
2025-03-09 11:00:00,71.90185987440714,-39.55407704061658,11.8,200,134.8,245
2025-03-09 11:00:00,71.90185987440714,-39.55407704061658,13.5,150,88.8,251
2025-03-09 11:00:00,71.90185987440714,-39.55407704061658,15.8,100,109.2,270
2025-03-09 11:00:00,71.90185987440714,-39.55407704061658,17.7,70,139.8,275
2025-03-09 11:00:00,71.90185987440714,-39.55407704061658,19.3,50,154.9,280
2025-03-09 11:00:00,71.90185987440714,-39.55407704061658,22.0,30,99.4,288
2025-03-09 11:00:00,71.90258195568217,-39.55234378565748,0.11,1000,25.9,207
2025-03-09 11:00:00,71.90258195568217,-39.55234378565748,0.32,975,26.0,207
2025-03-09 11:00:00,71.90258195568217,-39.55234378565748,0.5,950,26.1,207
2025-03-09 11:00:00,71.90258195568217,-39.55234378565748,0.8,925,25.7,207
2025-03-09 11:00:00,71.90258195568217,-39.55234378565748,1.0,900,25.8,207
2025-03-09 11:00:00,71.90258195568217,-39.55234378565748,1.5,850,26.1,207
2025-03-09 11:00:00,71.90258195568217,-39.55234378565748,1.9,800,25.9,208
2025-03-09 11:00:00,71.90258195568217,-39.55234378565748,3.0,700,25.8,207
2025-03-09 11:00:00,71.90258195568217,-39.55234378565748,4.2,600,78.5,271
2025-03-09 11:00:00,71.90258195568217,-39.55234378565748,5.6,500,96.6,264
2025-03-09 11:00:00,71.90258195568217,-39.55234378565748,7.2,400,114.8,259
2025-03-09 11:00:00,71.90258195568217,-39.55234378565748,9.2,300,134.9,246
2025-03-09 11:00:00,71.90258195568217,-39.55234378565748,10.4,250,140.1,244
2025-03-09 11:00:00,71.90258195568217,-39.55234378565748,11.8,200,134.8,245
2025-03-09 11:00:00,71.90258195568217,-39.55234378565748,13.5,150,88.8,251
2025-03-09 11:00:00,71.90258195568217,-39.55234378565748,15.8,100,109.2,270
2025-03-09 11:00:00,71.90258195568217,-39.55234378565748,17.7,70,139.8,275
2025-03-09 11:00:00,71.90258195568217,-39.55234378565748,19.3,50,154.9,280
2025-03-09 11:00:00,71.90258195568217,-39.55234378565748,22.0,30,99.4,288
2025-03-09 12:00:00,71.691960405595,-39.895859370043716,0.11,1000,28.7,202
2025-03-09 12:00:00,71.691960405595,-39.895859370043716,0.32,975,28.8,202
2025-03-09 12:00:00,71.691960405595,-39.895859370043716,0.5,950,28.8,202
2025-03-09 12:00:00,71.691960405595,-39.895859370043716,0.8,925,28.7,202
2025-03-09 12:00:00,71.691960405595,-39.895859370043716,1.0,900,28.9,202
2025-03-09 12:00:00,71.691960405595,-39.895859370043716,1.5,850,29.0,202
2025-03-09 12:00:00,71.691960405595,-39.895859370043716,1.9,800,28.7,203
2025-03-09 12:00:00,71.691960405595,-39.895859370043716,3.0,700,28.7,202
2025-03-09 12:00:00,71.691960405595,-39.895859370043716,4.2,600,62.9,252
2025-03-09 12:00:00,71.691960405595,-39.895859370043716,5.6,500,89.4,248
2025-03-09 12:00:00,71.691960405595,-39.895859370043716,7.2,400,99.8,244
2025-03-09 12:00:00,71.691960405595,-39.895859370043716,9.2,300,132.8,235
2025-03-09 12:00:00,71.691960405595,-39.895859370043716,10.4,250,142.1,237
2025-03-09 12:00:00,71.691960405595,-39.895859370043716,11.8,200,122.2,235
2025-03-09 12:00:00,71.691960405595,-39.895859370043716,13.5,150,71.5,247
2025-03-09 12:00:00,71.691960405595,-39.895859370043716,15.8,100,106.9,268
2025-03-09 12:00:00,71.691960405595,-39.895859370043716,17.7,70,135.9,274
2025-03-09 12:00:00,71.691960405595,-39.895859370043716,19.3,50,148.0,278
2025-03-09 12:00:00,71.691960405595,-39.895859370043716,22.0,30,94.6,285
2025-03-09 12:00:00,71.69242045879597,-39.89331991042185,0.11,1000,28.7,202
2025-03-09 12:00:00,71.69242045879597,-39.89331991042185,0.32,975,28.8,202
2025-03-09 12:00:00,71.69242045879597,-39.89331991042185,0.5,950,28.8,202
2025-03-09 12:00:00,71.69242045879597,-39.89331991042185,0.8,925,28.7,202
2025-03-09 12:00:00,71.69242045879597,-39.89331991042185,1.0,900,28.9,202
2025-03-09 12:00:00,71.69242045879597,-39.89331991042185,1.5,850,29.0,202
2025-03-09 12:00:00,71.69242045879597,-39.89331991042185,1.9,800,28.7,203
2025-03-09 12:00:00,71.69242045879597,-39.89331991042185,3.0,700,28.7,202
2025-03-09 12:00:00,71.69242045879597,-39.89331991042185,4.2,600,62.9,252
2025-03-09 12:00:00,71.69242045879597,-39.89331991042185,5.6,500,89.4,248
2025-03-09 12:00:00,71.69242045879597,-39.89331991042185,7.2,400,99.8,244
2025-03-09 12:00:00,71.69242045879597,-39.89331991042185,9.2,300,132.8,235
2025-03-09 12:00:00,71.69242045879597,-39.89331991042185,10.4,250,142.1,237
2025-03-09 12:00:00,71.69242045879597,-39.89331991042185,11.8,200,122.2,235
2025-03-09 12:00:00,71.69242045879597,-39.89331991042185,13.5,150,71.5,247
2025-03-09 12:00:00,71.69242045879597,-39.89331991042185,15.8,100,106.9,268
2025-03-09 12:00:00,71.69242045879597,-39.89331991042185,17.7,70,135.9,274
2025-03-09 12:00:00,71.69242045879597,-39.89331991042185,19.3,50,148.0,278
2025-03-09 12:00:00,71.69242045879597,-39.89331991042185,22.0,30,94.6,285
2025-03-09 12:00:00,71.69314252741351,-39.89159957771078,0.11,1000,28.7,202
2025-03-09 12:00:00,71.69314252741351,-39.89159957771078,0.32,975,28.8,202
2025-03-09 12:00:00,71.69314252741351,-39.89159957771078,0.5,950,28.8,202
2025-03-09 12:00:00,71.69314252741351,-39.89159957771078,0.8,925,28.7,202
2025-03-09 12:00:00,71.69314252741351,-39.89159957771078,1.0,900,28.9,202
2025-03-09 12:00:00,71.69314252741351,-39.89159957771078,1.5,850,29.0,202
2025-03-09 12:00:00,71.69314252741351,-39.89159957771078,1.9,800,28.7,203
2025-03-09 12:00:00,71.69314252741351,-39.89159957771078,3.0,700,28.7,202
2025-03-09 12:00:00,71.69314252741351,-39.89159957771078,4.2,600,62.9,252
2025-03-09 12:00:00,71.69314252741351,-39.89159957771078,5.6,500,89.4,248
2025-03-09 12:00:00,71.69314252741351,-39.89159957771078,7.2,400,99.8,244
2025-03-09 12:00:00,71.69314252741351,-39.89159957771078,9.2,300,132.8,235
2025-03-09 12:00:00,71.69314252741351,-39.89159957771078,10.4,250,142.1,237
2025-03-09 12:00:00,71.69314252741351,-39.89159957771078,11.8,200,122.2,235
2025-03-09 12:00:00,71.69314252741351,-39.89159957771078,13.5,150,71.5,247
2025-03-09 12:00:00,71.69314252741351,-39.89159957771078,15.8,100,106.9,268
2025-03-09 12:00:00,71.69314252741351,-39.89159957771078,17.7,70,135.9,274
2025-03-09 12:00:00,71.69314252741351,-39.89159957771078,19.3,50,148.0,278
2025-03-09 12:00:00,71.69314252741351,-39.89159957771078,22.0,30,94.6,285
2025-03-09 13:00:00,71.44989936958372,-40.20295897037175,0.11,1000,30.1,191
2025-03-09 13:00:00,71.44989936958372,-40.20295897037175,0.32,975,30.0,191
2025-03-09 13:00:00,71.44989936958372,-40.20295897037175,0.5,950,30.0,191
2025-03-09 13:00:00,71.44989936958372,-40.20295897037175,0.8,925,29.9,191
2025-03-09 13:00:00,71.44989936958372,-40.20295897037175,1.0,900,29.9,191
2025-03-09 13:00:00,71.44989936958372,-40.20295897037175,1.5,850,29.7,191
2025-03-09 13:00:00,71.44989936958372,-40.20295897037175,1.9,800,30.0,191
2025-03-09 13:00:00,71.44989936958372,-40.20295897037175,3.0,700,29.7,191
2025-03-09 13:00:00,71.44989936958372,-40.20295897037175,4.2,600,64.2,224
2025-03-09 13:00:00,71.44989936958372,-40.20295897037175,5.6,500,83.2,226
2025-03-09 13:00:00,71.44989936958372,-40.20295897037175,7.2,400,105.4,229
2025-03-09 13:00:00,71.44989936958372,-40.20295897037175,9.2,300,133.2,225
2025-03-09 13:00:00,71.44989936958372,-40.20295897037175,10.4,250,154.1,230
2025-03-09 13:00:00,71.44989936958372,-40.20295897037175,11.8,200,150.9,230
2025-03-09 13:00:00,71.44989936958372,-40.20295897037175,13.5,150,69.2,236
2025-03-09 13:00:00,71.44989936958372,-40.20295897037175,15.8,100,108.1,267
2025-03-09 13:00:00,71.44989936958372,-40.20295897037175,17.7,70,128.5,273
2025-03-09 13:00:00,71.44989936958372,-40.20295897037175,19.3,50,142.3,276
2025-03-09 13:00:00,71.44989936958372,-40.20295897037175,22.0,30,96.7,281
2025-03-09 13:00:00,71.45035941617621,-40.200426859155776,0.11,1000,30.1,191
2025-03-09 13:00:00,71.45035941617621,-40.200426859155776,0.32,975,30.0,191
2025-03-09 13:00:00,71.45035941617621,-40.200426859155776,0.5,950,30.0,191
2025-03-09 13:00:00,71.45035941617621,-40.200426859155776,0.8,925,29.9,191
2025-03-09 13:00:00,71.45035941617621,-40.200426859155776,1.0,900,29.9,191
2025-03-09 13:00:00,71.45035941617621,-40.200426859155776,1.5,850,29.7,191
2025-03-09 13:00:00,71.45035941617621,-40.200426859155776,1.9,800,30.0,191
2025-03-09 13:00:00,71.45035941617621,-40.200426859155776,3.0,700,29.7,191
2025-03-09 13:00:00,71.45035941617621,-40.200426859155776,4.2,600,64.2,224
2025-03-09 13:00:00,71.45035941617621,-40.200426859155776,5.6,500,83.2,226
2025-03-09 13:00:00,71.45035941617621,-40.200426859155776,7.2,400,105.4,229
2025-03-09 13:00:00,71.45035941617621,-40.200426859155776,9.2,300,133.2,225
2025-03-09 13:00:00,71.45035941617621,-40.200426859155776,10.4,250,154.1,230
2025-03-09 13:00:00,71.45035941617621,-40.200426859155776,11.8,200,150.9,230
2025-03-09 13:00:00,71.45035941617621,-40.200426859155776,13.5,150,69.2,236
2025-03-09 13:00:00,71.45035941617621,-40.200426859155776,15.8,100,108.1,267
2025-03-09 13:00:00,71.45035941617621,-40.200426859155776,17.7,70,128.5,273
2025-03-09 13:00:00,71.45035941617621,-40.200426859155776,19.3,50,142.3,276
2025-03-09 13:00:00,71.45035941617621,-40.200426859155776,22.0,30,96.7,281
2025-03-09 13:00:00,71.45108147442093,-40.19871806075833,0.11,1000,30.1,191
2025-03-09 13:00:00,71.45108147442093,-40.19871806075833,0.32,975,30.0,191
2025-03-09 13:00:00,71.45108147442093,-40.19871806075833,0.5,950,30.0,191
2025-03-09 13:00:00,71.45108147442093,-40.19871806075833,0.8,925,29.9,191
2025-03-09 13:00:00,71.45108147442093,-40.19871806075833,1.0,900,29.9,191
2025-03-09 13:00:00,71.45108147442093,-40.19871806075833,1.5,850,29.7,191
2025-03-09 13:00:00,71.45108147442093,-40.19871806075833,1.9,800,30.0,191
2025-03-09 13:00:00,71.45108147442093,-40.19871806075833,3.0,700,29.7,191
2025-03-09 13:00:00,71.45108147442093,-40.19871806075833,4.2,600,64.2,224
2025-03-09 13:00:00,71.45108147442093,-40.19871806075833,5.6,500,83.2,226
2025-03-09 13:00:00,71.45108147442093,-40.19871806075833,7.2,400,105.4,229
2025-03-09 13:00:00,71.45108147442093,-40.19871806075833,9.2,300,133.2,225
2025-03-09 13:00:00,71.45108147442093,-40.19871806075833,10.4,250,154.1,230
2025-03-09 13:00:00,71.45108147442093,-40.19871806075833,11.8,200,150.9,230
2025-03-09 13:00:00,71.45108147442093,-40.19871806075833,13.5,150,69.2,236
2025-03-09 13:00:00,71.45108147442093,-40.19871806075833,15.8,100,108.1,267
2025-03-09 13:00:00,71.45108147442093,-40.19871806075833,17.7,70,128.5,273
2025-03-09 13:00:00,71.45108147442093,-40.19871806075833,19.3,50,142.3,276
2025-03-09 13:00:00,71.45108147442093,-40.19871806075833,22.0,30,96.7,281
2025-03-09 14:00:00,71.1841086125217,-40.363103300582495,0.11,1000,34.5,191
2025-03-09 14:00:00,71.1841086125217,-40.363103300582495,0.32,975,34.4,191
2025-03-09 14:00:00,71.1841086125217,-40.363103300582495,0.5,950,34.3,191
2025-03-09 14:00:00,71.1841086125217,-40.363103300582495,0.8,925,34.4,191
2025-03-09 14:00:00,71.1841086125217,-40.363103300582495,1.0,900,34.5,190
2025-03-09 14:00:00,71.1841086125217,-40.363103300582495,1.5,850,34.3,191
2025-03-09 14:00:00,71.1841086125217,-40.363103300582495,1.9,800,34.1,191
2025-03-09 14:00:00,71.1841086125217,-40.363103300582495,3.0,700,34.1,190
2025-03-09 14:00:00,71.1841086125217,-40.363103300582495,4.2,600,80.4,226
2025-03-09 14:00:00,71.1841086125217,-40.363103300582495,5.6,500,67.7,217
2025-03-09 14:00:00,71.1841086125217,-40.363103300582495,7.2,400,102.0,221
2025-03-09 14:00:00,71.1841086125217,-40.363103300582495,9.2,300,132.7,217
2025-03-09 14:00:00,71.1841086125217,-40.363103300582495,10.4,250,159.1,221
2025-03-09 14:00:00,71.1841086125217,-40.363103300582495,11.8,200,160.4,225
2025-03-09 14:00:00,71.1841086125217,-40.363103300582495,13.5,150,66.6,244
2025-03-09 14:00:00,71.1841086125217,-40.363103300582495,15.8,100,102.5,265
2025-03-09 14:00:00,71.1841086125217,-40.363103300582495,17.7,70,122.5,268
2025-03-09 14:00:00,71.1841086125217,-40.363103300582495,19.3,50,139.4,273
2025-03-09 14:00:00,71.1841086125217,-40.363103300582495,22.0,30,105.2,281
2025-03-09 14:00:00,71.18456865731714,-40.3605749631879,0.11,1000,34.5,191
2025-03-09 14:00:00,71.18456865731714,-40.3605749631879,0.32,975,34.4,191
2025-03-09 14:00:00,71.18456865731714,-40.3605749631879,0.5,950,34.3,191
2025-03-09 14:00:00,71.18456865731714,-40.3605749631879,0.8,925,34.4,191
2025-03-09 14:00:00,71.18456865731714,-40.3605749631879,1.0,900,34.5,190
2025-03-09 14:00:00,71.18456865731714,-40.3605749631879,1.5,850,34.3,191
2025-03-09 14:00:00,71.18456865731714,-40.3605749631879,1.9,800,34.1,191
2025-03-09 14:00:00,71.18456865731714,-40.3605749631879,3.0,700,34.1,190
2025-03-09 14:00:00,71.18456865731714,-40.3605749631879,4.2,600,80.4,226
2025-03-09 14:00:00,71.18456865731714,-40.3605749631879,5.6,500,67.7,217
2025-03-09 14:00:00,71.18456865731714,-40.3605749631879,7.2,400,102.0,221
2025-03-09 14:00:00,71.18456865731714,-40.3605749631879,9.2,300,132.7,217
2025-03-09 14:00:00,71.18456865731714,-40.3605749631879,10.4,250,159.1,221
2025-03-09 14:00:00,71.18456865731714,-40.3605749631879,11.8,200,160.4,225
2025-03-09 14:00:00,71.18456865731714,-40.3605749631879,13.5,150,66.6,244
2025-03-09 14:00:00,71.18456865731714,-40.3605749631879,15.8,100,102.5,265
2025-03-09 14:00:00,71.18456865731714,-40.3605749631879,17.7,70,122.5,268
2025-03-09 14:00:00,71.18456865731714,-40.3605749631879,19.3,50,139.4,273
2025-03-09 14:00:00,71.18456865731714,-40.3605749631879,22.0,30,105.2,281
2025-03-09 14:00:00,71.18529071274115,-40.35887208830661,0.11,1000,34.5,191
2025-03-09 14:00:00,71.18529071274115,-40.35887208830661,0.32,975,34.4,191
2025-03-09 14:00:00,71.18529071274115,-40.35887208830661,0.5,950,34.3,191
2025-03-09 14:00:00,71.18529071274115,-40.35887208830661,0.8,925,34.4,191
2025-03-09 14:00:00,71.18529071274115,-40.35887208830661,1.0,900,34.5,190
2025-03-09 14:00:00,71.18529071274115,-40.35887208830661,1.5,850,34.3,191
2025-03-09 14:00:00,71.18529071274115,-40.35887208830661,1.9,800,34.1,191
2025-03-09 14:00:00,71.18529071274115,-40.35887208830661,3.0,700,34.1,190
2025-03-09 14:00:00,71.18529071274115,-40.35887208830661,4.2,600,80.4,226
2025-03-09 14:00:00,71.18529071274115,-40.35887208830661,5.6,500,67.7,217
2025-03-09 14:00:00,71.18529071274115,-40.35887208830661,7.2,400,102.0,221
2025-03-09 14:00:00,71.18529071274115,-40.35887208830661,9.2,300,132.7,217
2025-03-09 14:00:00,71.18529071274115,-40.35887208830661,10.4,250,159.1,221
2025-03-09 14:00:00,71.18529071274115,-40.35887208830661,11.8,200,160.4,225
2025-03-09 14:00:00,71.18529071274115,-40.35887208830661,13.5,150,66.6,244
2025-03-09 14:00:00,71.18529071274115,-40.35887208830661,15.8,100,102.5,265
2025-03-09 14:00:00,71.18529071274115,-40.35887208830661,17.7,70,122.5,268
2025-03-09 14:00:00,71.18529071274115,-40.35887208830661,19.3,50,139.4,273
2025-03-09 14:00:00,71.18529071274115,-40.35887208830661,22.0,30,105.2,281
2025-03-09 15:00:00,70.21844809419682,-42.48557392718728,0.11,1000,40.0,178
2025-03-09 15:00:00,70.21844809419682,-42.48557392718728,0.32,975,39.9,178
2025-03-09 15:00:00,70.21844809419682,-42.48557392718728,0.5,950,39.9,178
2025-03-09 15:00:00,70.21844809419682,-42.48557392718728,0.8,925,39.8,178
2025-03-09 15:00:00,70.21844809419682,-42.48557392718728,1.0,900,40.2,178
2025-03-09 15:00:00,70.21844809419682,-42.48557392718728,1.5,850,40.1,178
2025-03-09 15:00:00,70.21844809419682,-42.48557392718728,1.9,800,40.0,179
2025-03-09 15:00:00,70.21844809419682,-42.48557392718728,3.0,700,73.1,190
2025-03-09 15:00:00,70.21844809419682,-42.48557392718728,4.2,600,96.0,212
2025-03-09 15:00:00,70.21844809419682,-42.48557392718728,5.6,500,75.9,185
2025-03-09 15:00:00,70.21844809419682,-42.48557392718728,7.2,400,133.9,203
2025-03-09 15:00:00,70.21844809419682,-42.48557392718728,9.2,300,171.1,202
2025-03-09 15:00:00,70.21844809419682,-42.48557392718728,10.4,250,187.3,206
2025-03-09 15:00:00,70.21844809419682,-42.48557392718728,11.8,200,137.1,213
2025-03-09 15:00:00,70.21844809419682,-42.48557392718728,13.5,150,56.6,238
2025-03-09 15:00:00,70.21844809419682,-42.48557392718728,15.8,100,91.9,246
2025-03-09 15:00:00,70.21844809419682,-42.48557392718728,17.7,70,114.8,263
2025-03-09 15:00:00,70.21844809419682,-42.48557392718728,19.3,50,135.6,269
2025-03-09 15:00:00,70.21844809419682,-42.48557392718728,22.0,30,113.7,277
2025-03-09 15:00:00,70.21890782336952,-42.483092963770794,0.11,1000,40.0,178
2025-03-09 15:00:00,70.21890782336952,-42.483092963770794,0.32,975,39.9,178
2025-03-09 15:00:00,70.21890782336952,-42.483092963770794,0.5,950,39.9,178
2025-03-09 15:00:00,70.21890782336952,-42.483092963770794,0.8,925,39.8,178
2025-03-09 15:00:00,70.21890782336952,-42.483092963770794,1.0,900,40.2,178
2025-03-09 15:00:00,70.21890782336952,-42.483092963770794,1.5,850,40.1,178
2025-03-09 15:00:00,70.21890782336952,-42.483092963770794,1.9,800,40.0,179
2025-03-09 15:00:00,70.21890782336952,-42.483092963770794,3.0,700,73.1,190
2025-03-09 15:00:00,70.21890782336952,-42.483092963770794,4.2,600,96.0,212
2025-03-09 15:00:00,70.21890782336952,-42.483092963770794,5.6,500,75.9,185
2025-03-09 15:00:00,70.21890782336952,-42.483092963770794,7.2,400,133.9,203
2025-03-09 15:00:00,70.21890782336952,-42.483092963770794,9.2,300,171.1,202
2025-03-09 15:00:00,70.21890782336952,-42.483092963770794,10.4,250,187.3,206
2025-03-09 15:00:00,70.21890782336952,-42.483092963770794,11.8,200,137.1,213
2025-03-09 15:00:00,70.21890782336952,-42.483092963770794,13.5,150,56.6,238
2025-03-09 15:00:00,70.21890782336952,-42.483092963770794,15.8,100,91.9,246
2025-03-09 15:00:00,70.21890782336952,-42.483092963770794,17.7,70,114.8,263
2025-03-09 15:00:00,70.21890782336952,-42.483092963770794,19.3,50,135.6,269
2025-03-09 15:00:00,70.21890782336952,-42.483092963770794,22.0,30,113.7,277
2025-03-09 15:00:00,70.21962938338488,-42.48146444844323,0.11,1000,40.0,178
2025-03-09 15:00:00,70.21962938338488,-42.48146444844323,0.32,975,39.9,178
2025-03-09 15:00:00,70.21962938338488,-42.48146444844323,0.5,950,39.9,178
2025-03-09 15:00:00,70.21962938338488,-42.48146444844323,0.8,925,39.8,178
2025-03-09 15:00:00,70.21962938338488,-42.48146444844323,1.0,900,40.2,178
2025-03-09 15:00:00,70.21962938338488,-42.48146444844323,1.5,850,40.1,178
2025-03-09 15:00:00,70.21962938338488,-42.48146444844323,1.9,800,40.0,179
2025-03-09 15:00:00,70.21962938338488,-42.48146444844323,3.0,700,73.1,190
2025-03-09 15:00:00,70.21962938338488,-42.48146444844323,4.2,600,96.0,212
2025-03-09 15:00:00,70.21962938338488,-42.48146444844323,5.6,500,75.9,185
2025-03-09 15:00:00,70.21962938338488,-42.48146444844323,7.2,400,133.9,203
2025-03-09 15:00:00,70.21962938338488,-42.48146444844323,9.2,300,171.1,202
2025-03-09 15:00:00,70.21962938338488,-42.48146444844323,10.4,250,187.3,206
2025-03-09 15:00:00,70.21962938338488,-42.48146444844323,11.8,200,137.1,213
2025-03-09 15:00:00,70.21962938338488,-42.48146444844323,13.5,150,56.6,238
2025-03-09 15:00:00,70.21962938338488,-42.48146444844323,15.8,100,91.9,246
2025-03-09 15:00:00,70.21962938338488,-42.48146444844323,17.7,70,114.8,263
2025-03-09 15:00:00,70.21962938338488,-42.48146444844323,19.3,50,135.6,269
2025-03-09 15:00:00,70.21962938338488,-42.48146444844323,22.0,30,113.7,277
2025-03-09 16:00:00,68.78423638379554,-44.078436591890174,0.11,1000,67.9,146
2025-03-09 16:00:00,68.78423638379554,-44.078436591890174,0.32,975,67.8,146
2025-03-09 16:00:00,68.78423638379554,-44.078436591890174,0.5,950,67.7,146
2025-03-09 16:00:00,68.78423638379554,-44.078436591890174,0.8,925,67.7,146
2025-03-09 16:00:00,68.78423638379554,-44.078436591890174,1.0,900,67.8,146
2025-03-09 16:00:00,68.78423638379554,-44.078436591890174,1.5,850,67.9,146
2025-03-09 16:00:00,68.78423638379554,-44.078436591890174,1.9,800,67.7,146
2025-03-09 16:00:00,68.78423638379554,-44.078436591890174,3.0,700,123.0,186
2025-03-09 16:00:00,68.78423638379554,-44.078436591890174,4.2,600,106.9,213
2025-03-09 16:00:00,68.78423638379554,-44.078436591890174,5.6,500,113.1,199
2025-03-09 16:00:00,68.78423638379554,-44.078436591890174,7.2,400,136.8,178
2025-03-09 16:00:00,68.78423638379554,-44.078436591890174,9.2,300,198.2,178
2025-03-09 16:00:00,68.78423638379554,-44.078436591890174,10.4,250,216.6,184
2025-03-09 16:00:00,68.78423638379554,-44.078436591890174,11.8,200,121.0,187
2025-03-09 16:00:00,68.78423638379554,-44.078436591890174,13.5,150,45.6,243
2025-03-09 16:00:00,68.78423638379554,-44.078436591890174,15.8,100,73.1,240
2025-03-09 16:00:00,68.78423638379554,-44.078436591890174,17.7,70,108.3,255
2025-03-09 16:00:00,68.78423638379554,-44.078436591890174,19.3,50,119.1,266
2025-03-09 16:00:00,68.78423638379554,-44.078436591890174,22.0,30,124.8,271
2025-03-09 16:00:00,68.78469593531857,-44.07598854894297,0.11,1000,67.9,146
2025-03-09 16:00:00,68.78469593531857,-44.07598854894297,0.32,975,67.8,146
2025-03-09 16:00:00,68.78469593531857,-44.07598854894297,0.5,950,67.7,146
2025-03-09 16:00:00,68.78469593531857,-44.07598854894297,0.8,925,67.7,146
2025-03-09 16:00:00,68.78469593531857,-44.07598854894297,1.0,900,67.8,146
2025-03-09 16:00:00,68.78469593531857,-44.07598854894297,1.5,850,67.9,146
2025-03-09 16:00:00,68.78469593531857,-44.07598854894297,1.9,800,67.7,146
2025-03-09 16:00:00,68.78469593531857,-44.07598854894297,3.0,700,123.0,186
2025-03-09 16:00:00,68.78469593531857,-44.07598854894297,4.2,600,106.9,213
2025-03-09 16:00:00,68.78469593531857,-44.07598854894297,5.6,500,113.1,199
2025-03-09 16:00:00,68.78469593531857,-44.07598854894297,7.2,400,136.8,178
2025-03-09 16:00:00,68.78469593531857,-44.07598854894297,9.2,300,198.2,178
2025-03-09 16:00:00,68.78469593531857,-44.07598854894297,10.4,250,216.6,184
2025-03-09 16:00:00,68.78469593531857,-44.07598854894297,11.8,200,121.0,187
2025-03-09 16:00:00,68.78469593531857,-44.07598854894297,13.5,150,45.6,243
2025-03-09 16:00:00,68.78469593531857,-44.07598854894297,15.8,100,73.1,240
2025-03-09 16:00:00,68.78469593531857,-44.07598854894297,17.7,70,108.3,255
2025-03-09 16:00:00,68.78469593531857,-44.07598854894297,19.3,50,119.1,266
2025-03-09 16:00:00,68.78469593531857,-44.07598854894297,22.0,30,124.8,271
2025-03-09 16:00:00,68.7854172164921,-44.07441170632178,0.11,1000,67.9,146
2025-03-09 16:00:00,68.7854172164921,-44.07441170632178,0.32,975,67.8,146
2025-03-09 16:00:00,68.7854172164921,-44.07441170632178,0.5,950,67.7,146
2025-03-09 16:00:00,68.7854172164921,-44.07441170632178,0.8,925,67.7,146
2025-03-09 16:00:00,68.7854172164921,-44.07441170632178,1.0,900,67.8,146
2025-03-09 16:00:00,68.7854172164921,-44.07441170632178,1.5,850,67.9,146
2025-03-09 16:00:00,68.7854172164921,-44.07441170632178,1.9,800,67.7,146
2025-03-09 16:00:00,68.7854172164921,-44.07441170632178,3.0,700,123.0,186
2025-03-09 16:00:00,68.7854172164921,-44.07441170632178,4.2,600,106.9,213
2025-03-09 16:00:00,68.7854172164921,-44.07441170632178,5.6,500,113.1,199
2025-03-09 16:00:00,68.7854172164921,-44.07441170632178,7.2,400,136.8,178
2025-03-09 16:00:00,68.7854172164921,-44.07441170632178,9.2,300,198.2,178
2025-03-09 16:00:00,68.7854172164921,-44.07441170632178,10.4,250,216.6,184
2025-03-09 16:00:00,68.7854172164921,-44.07441170632178,11.8,200,121.0,187
2025-03-09 16:00:00,68.7854172164921,-44.07441170632178,13.5,150,45.6,243
2025-03-09 16:00:00,68.7854172164921,-44.07441170632178,15.8,100,73.1,240
2025-03-09 16:00:00,68.7854172164921,-44.07441170632178,17.7,70,108.3,255
2025-03-09 16:00:00,68.7854172164921,-44.07441170632178,19.3,50,119.1,266
2025-03-09 16:00:00,68.7854172164921,-44.07441170632178,22.0,30,124.8,271
